Order,Species,MCAll,MCp,MCpf,MCc,MCg,MCh,AlloAll,SM,BMf,LT,GT,IBI,BMn,BMw,BMin,LS,LpY,ML,NoC
Rodentia,Abeomelomys_sevia,0,0,0,0,0,0,0,0,58.39999998,NA,NA,NA,NA,NA,NA,1,NA,NA,3
Rodentia,Abrothrix_longipilis,0,0,0,0,0,0,0,0,36.93000003,NA,NA,16.99999999,3.29,NA,NA,3.699999999,21.17647057,NA,70
Rodentia,Abrothrix_olivaceus,0,0,0,0,0,0,0,0,21.04999999,NA,NA,NA,NA,NA,NA,5.34,2.000000002,NA,58
Carnivora,Acinonyx_jubatus,0,0,0,0,0,0,0,0,59999.99995,132.9999875,91.41132415,547.4998443,454.2100005,NA,NA,3.000000002,0.657534434,19,1528
Rodentia,Acomys_cahirinus,1,0,0,0,1,1,0,0,32.0000016,27.00000223,38.01893963,34.00000649,5.499999994,12.31,6.810000001,2.76,7.599999995,4.999999996,665
Rodentia,Acomys_russatus,0,0,0,0,0,0,0,0,41.00000003,NA,NA,NA,NA,NA,NA,2.500000002,NA,NA,170
Rodentia,Acomys_wilsoni,0,0,0,0,0,0,0,0,20.00000002,NA,NA,NA,3.49,10,6.510000006,2.289999998,7.899999995,5.6,13
Diprotodontia,Acrobates_pygmaeus,0,0,0,0,0,0,0,0,12.7,97.50000007,NA,183.0000001,0.01,3.440000003,3.43,2.799999998,2.000000002,8.799999997,74
Artiodactyla,Aepyceros_melampus,0,0,0,0,0,0,0,0,45150.00471,150.0000141,196.788629,365.0001139,5245.000006,14563.79999,9318.8,1,0.986301063,17.39999999,1289
Rodentia,Aethomys_chrysophilus,0,0,0,0,0,0,0,1,142.9999998,24.88,26.17000002,NA,4.429999998,30.98999998,26.56000002,3.089999997,NA,NA,82
Rodentia,Aethomys_hindei,0,0,0,0,0,0,0,0,134.9999998,NA,24.65999999,NA,NA,NA,NA,2.05,NA,NA,9
Rodentia,Aethomys_ineptus,0,0,0,0,0,0,0,0,NA,NA,NA,NA,NA,NA,NA,NA,NA,NA,16
Carnivora,Ailuropoda_melanoleuca,0,0,0,0,0,0,0,0,96999.99994,178.9800001,134.9899999,638.7499998,104.3900001,21999.98998,21895.60002,1.620000002,0.563600783,30.00000002,1399
Carnivora,Ailurus_fulgens,0,0,0,0,0,0,0,0,4900.000225,136.8749899,131.2199899,365.0001139,106.5000001,NA,NA,1.849999998,1,14.00000001,374
Artiodactyla,Alcelaphus_buselaphus,0,0,0,0,0,0,1,0,146499.9917,190.104151,242.6610095,345.4999589,12500,47894.46,35394.46001,1,1.041968287,19,367
Artiodactyla,Alcelaphus_lichtensteinii,0,0,0,0,0,0,0,0,164999.9999,NA,237,364.9999996,15000,NA,NA,0.980000001,0.986301369,NA,10
Artiodactyla,Alces_alces,0,0,0,0,0,0,0,0,421500.0204,106.4583425,236.0478233,365.0001139,13249.99999,86299.95992,73049.96009,1.5,1.699999999,26.99999999,10095
Primates,Allenopithecus_nigroviridis,0,0,0,0,0,0,0,0,3201.666663,106.1500001,NA,NA,240.7100001,NA,NA,1.010000001,NA,32.39999998,32
Primates,Alouatta_caraya,0,0,0,0,0,0,1,0,4602.50003,55.99999652,187.068214,337.6253131,261.9999998,NA,NA,1,1.066270763,20.3,545
Primates,Alouatta_palliata,0,0,0,0,0,0,1,0,5590.888884,495.6000003,185.4200001,684.3700007,318.2899998,1053.750001,735.4599993,1.020000001,0.52603124,26.99999999,813
Primates,Alouatta_seniculus,0,0,0,0,0,0,1,0,5599.999652,368.8021125,190.9853259,424.31267,295,NA,NA,1,0.848430946,25.00000002,444
Rodentia,Ammospermophilus_leucurus,0,0,0,0,0,0,0,0,100.4,64.51000002,29.37999997,NA,2.900000001,34.98999996,32.08999999,8,1.25,5.800000006,99
Rodentia,Ammospermophilus_nelsoni,0,0,0,0,0,0,0,0,NA,29.82999998,26,NA,4.869999998,41.00000003,36.13000004,8.900000007,1,NA,19
Artiodactyla,Ammotragus_lervia,0,0,0,0,0,0,0,0,69999.99355,121.6666639,156.3147643,212.9168341,4500.000002,NA,NA,1.350000002,1.690801019,21.70000001,235
Dasyuromorphia,Antechinus_agilis,0,0,0,0,0,0,0,0,NA,89.99000004,26.99999999,364.9999996,NA,10,10,10,0.986301369,4.700000001,90
Dasyuromorphia,Antechinus_minimus,0,0,0,0,0,0,0,0,42.00000093,87.50000946,27.92543841,365.0001139,0.04,NA,NA,7.199999993,1,NA,41
Dasyuromorphia,Antechinus_stuartii,0,0,0,0,0,0,0,0,23.20000081,91.25000565,30.76096815,365.0001139,0.016,16.00000001,15.984,7.250000007,1,3.000000002,385
Artiodactyla,Antidorcas_marsupialis,0,0,0,0,0,0,0,0,27899.99979,121.0000083,169.43378,365.0001139,3909.999996,NA,NA,1.005000001,0.986301063,20.00000002,499
Artiodactyla,Antilocapra_americana,0,0,0,0,0,0,1,0,44999.99857,91.25000565,247.7422058,365.0001139,3455.000002,9661.999997,6206.999994,2.000000002,1,12,829
Artiodactyla,Antilope_cervicapra,0,0,0,0,0,0,0,0,34999.99643,59.5000047,167.1090614,212.5626717,3388.000003,NA,NA,1,2.000000002,18,264
Carnivora,Aonyx_cinerea,1,1,0,0,0,0,0,1,NA,79.54000006,63.31000007,182.5000001,56.01000004,NA,NA,1.470000001,1.97260274,NA,56
Primates,Aotus_azarae,1,1,1,1,1,0,0,1,NA,229.6900001,NA,364.9999996,NA,NA,NA,1,0.986301369,NA,118
Primates,Aotus_lemurinus,1,0,0,1,1,1,1,1,920.9999996,74.56999998,132.23,364.9999996,97.46999999,NA,NA,1.010000001,0.986301369,33.79999998,136
Primates,Aotus_nancymaae,1,1,1,1,1,0,0,1,859.9999995,NA,NA,NA,NA,NA,NA,1.020000001,NA,NA,149
Primates,Aotus_trivirgatus,1,0,0,1,1,1,1,1,843.0000493,91.00000161,134.2764961,255.5000562,96.49999992,255.9899998,159.49,1,1.409001648,25.29999999,1620
Rodentia,Apodemus_agrarius,0,0,0,0,0,0,0,0,21.5,NA,19.88999999,19.49999998,1.8,NA,NA,5.64,3.499999997,3.999999997,1257
Rodentia,Apodemus_argenteus,0,0,0,0,0,0,0,1,29.05000002,NA,NA,NA,NA,NA,NA,NA,NA,4.999999996,256
Rodentia,Apodemus_flavicollis,0,0,0,0,0,0,0,0,26.99999999,NA,24.49999998,38.75000001,2.3,NA,NA,4.940000001,3.000000002,3.999999997,1519
Rodentia,Apodemus_semotus,0,0,0,0,0,0,0,0,27.41999997,NA,NA,NA,NA,NA,NA,3.56,NA,NA,40
Rodentia,Apodemus_speciosus,0,0,0,0,0,0,0,0,NA,NA,NA,NA,NA,NA,NA,4.469999999,NA,5.300000005,444
Rodentia,Apodemus_sylvaticus,0,0,0,0,0,0,0,0,22.78000001,19.36,23.68,41.28000004,1.5,NA,NA,5.160000004,3.750000002,4.399999995,5961
Rodentia,Apodemus_uralensis,0,0,0,0,0,0,0,0,NA,NA,NA,NA,NA,NA,NA,5.720000003,NA,NA,115
Primates,Arctocebus_aureus,0,0,0,0,0,0,0,0,NA,NA,NA,NA,NA,NA,NA,NA,NA,NA,2
Primates,Arctocebus_calabarensis,0,0,0,0,0,0,0,0,276.0000114,114.9999893,133.9676687,137.7396579,31.99999998,160.0000001,128.0000001,1,2.613626356,12.99999999,29
Carnivora,Arctocephalus_gazella,0,0,0,0,0,0,0,0,35433.33335,116.28,294.6900002,364.9999996,5794.630006,13811.28999,8016.660003,1,0.986301369,NA,685
Chiroptera,Artibeus_jamaicensis,0,0,0,0,0,0,0,0,47.38546666,NA,138.7,NA,10.56999999,NA,NA,1,2.000000002,19.20000001,525
Chiroptera,Artibeus_watsoni,0,0,0,0,0,0,0,0,NA,NA,NA,NA,NA,NA,NA,1,NA,NA,44
Primates,Ateles_belzebuth,0,0,0,0,0,0,0,0,7981.000004,NA,138.2,NA,NA,NA,NA,1.020000001,NA,27.99999998,194
Primates,Ateles_geoffroyi,0,0,0,0,0,0,0,0,7655.966069,816.3499998,226.3700001,1048.150001,425.8500004,3478.060002,3052.210001,1.010000001,0.343462291,47.09999999,724
Primates,Avahi_laniger,0,0,0,0,0,0,0,1,NA,149.1500001,136.1500001,364.9999996,NA,NA,NA,1.010000001,1,NA,76
Artiodactyla,Axis_axis,0,0,0,0,0,0,1,0,49999.9995,121.6666639,229.0867653,425.8336725,3220.499996,NA,NA,1.030000001,0.845400501,20.8,463
Rodentia,Baiomys_taylori,0,0,0,0,0,0,0,1,8.200000899,20.0000002,22.49054606,23.00000868,1.149999999,NA,NA,2.609999998,10,3.000000002,99
Cetacea,Balaena_mysticetus,0,0,0,0,0,0,0,0,NA,351.9999996,379.9000004,1642.499999,NA,NA,NA,1,0.41,39.99999997,830
Cetacea,Balaenoptera_acutorostrata,0,0,0,0,0,0,0,0,15000000,182.5000001,304.1600003,469.93,NA,NA,NA,1,1,49.99999996,1214
Cetacea,Balaenoptera_borealis,0,0,0,0,0,0,0,0,20000000.02,203.4599999,334.5800001,729.9999998,649999.9901,NA,NA,1.020000001,0.41,74.00000005,360
Cetacea,Balaenoptera_musculus,0,0,0,0,0,0,0,0,190000000,211.7099999,326.9699998,821.2500008,2738612.789,16999999.99,14261387.19,1,0.45,110,680
Cetacea,Balaenoptera_physalus,0,0,0,0,0,0,0,0,NA,196.5800001,338.3599998,729.9999998,1899999.991,NA,NA,1.010000001,0.37,115.9999999,1195
Chiroptera,Balantiopteryx_plicata,0,0,0,0,0,0,0,0,6.659999997,58.59,138.8099999,NA,2.000000002,NA,NA,0.990000001,1,NA,29
Rodentia,Bandicota_bengalensis,0,0,0,0,0,0,0,0,124,30.02999999,18.89,61.9,4.850000004,22.89999998,18.04999999,7.289999995,5.900000005,NA,442
Rodentia,Bandicota_indica,0,0,0,0,0,0,0,0,185.9999999,27.3,20.26,71.25000005,9.770000006,41.00000003,31.22999998,6.119999998,5.052631578,NA,209
Rodentia,Bandicota_savilei,0,0,0,0,0,0,0,0,NA,NA,NA,NA,NA,NA,NA,NA,NA,NA,34
Carnivora,Bassariscus_astutus,0,0,0,0,0,0,0,0,870.0000008,42.49999706,51.99959965,365.0001139,27.74999997,258.7000002,230.9500002,2.750000001,1,16.00000001,88
Rodentia,Beamys_hindei,0,0,0,0,0,0,0,0,84.59999999,38.48999999,22.78999999,61.99999993,3.199999998,59.20000004,56,3.49,4.999999996,NA,12
Cetacea,Berardius_bairdii,0,0,0,0,0,0,0,0,7619999.994,NA,396.5799996,NA,NA,NA,NA,0.980000001,0.33,71.00000005,74
Diprotodontia,Bettongia_gaimardi,0,0,0,0,0,0,0,0,1660.000046,155.0000007,20.98939884,106.5000962,0.3185,516.43,516.1114998,1,3.380278639,11.79999999,99
Diprotodontia,Bettongia_lesueur,0,0,0,0,0,0,0,0,1300.000143,164.9999832,21.1348904,119.5000261,0.317,303.31,302.9929999,1,3.000000002,NA,67
Diprotodontia,Bettongia_penicillata,0,0,0,0,0,0,0,0,1249.999963,150.0000141,17.98870915,101.9999597,0.29,256.8999998,256.6100002,1,3.000000002,18.79999999,130
Artiodactyla,Bison_bison,0,0,0,0,0,0,1,0,449999.9857,266.1458508,283.1391996,399.0000958,20000.00002,157500,137499.9999,1,1,33.00000001,1548
Artiodactyla,Bos_frontalis,0,0,0,0,0,0,0,0,644999.9783,205.3125041,273.5268726,403.0203724,23100.00001,NA,NA,1,1,26.19999998,318
Artiodactyla,Bos_grunniens,0,0,0,0,0,0,0,0,306196.3434,243.3299999,273.7500001,NA,17988.70915,NA,NA,1,1,25.00000002,2097
Artiodactyla,Bos_taurus,0,0,0,0,0,0,1,0,483058.802,NA,280.4800002,NA,28379.19028,NA,NA,1,1,NA,744410
Pilosa,Bradypus_torquatus,0,0,0,0,0,0,0,0,5370.829999,28.27999999,150,NA,NA,1468.310001,1468.310001,1,NA,12,47
Primates,Bunopithecus_hoolock,0,0,0,0,0,0,0,1,6245.000004,635.1300002,232.4999999,NA,NA,NA,NA,1.010000001,NA,NA,91
Primates,Callicebus_moloch,1,0,0,1,0,0,0,1,955.9999994,58.84999998,164,364.9999996,74.40000008,NA,NA,1.010000001,0.986301369,26.19999998,207
Primates,Callicebus_ornatus,1,0,0,1,0,0,0,1,NA,NA,NA,NA,NA,NA,NA,NA,NA,NA,4
Primates,Callicebus_torquatus,1,0,0,1,0,0,1,1,1258.5,121.66,NA,NA,NA,NA,NA,1.010000001,NA,NA,75
Primates,Callimico_goeldii,1,1,0,1,1,0,1,0,468.5000052,69.99999355,154.1700453,184.7498098,51.44999999,120.0199999,68.57000008,1,1.948581168,17.9,272
Primates,Callithrix_argentata,1,0,0,1,0,0,1,1,346.5,NA,NA,219.6000001,35.80000003,NA,NA,1.84,1.639344262,16.80000001,73
Primates,Callithrix_aurita,1,1,0,1,0,0,0,1,NA,NA,140.0000001,NA,NA,NA,NA,2.000000002,NA,NA,42
Primates,Callithrix_geoffroyi,1,0,0,1,0,0,0,1,274.5000001,NA,NA,NA,NA,NA,NA,NA,NA,17.60000001,132
Primates,Callithrix_jacchus,1,0,0,1,0,0,1,1,287.0000022,64.66667036,143.8798578,158.9999545,27.99999998,96.81999993,68.81999995,2.375,2.264151593,16.00000001,11816
Primates,Callithrix_kuhlii,1,1,0,1,0,0,0,1,244.4999997,NA,NA,NA,NA,NA,NA,NA,NA,20.00000002,82
Primates,Callithrix_pygmaea,1,1,0,1,1,0,1,1,121.9999914,152.0833254,133.6595517,182.5000551,14.54999999,70,55.45000007,2.009999998,1.972602145,18.59999999,123
Carnivora,Callorhinus_ursinus,0,0,0,0,0,0,0,0,43375.00122,106.4583425,358.0964371,365.0001139,5400.000002,11231.05999,5831.059997,1,0.5,NA,930
Rodentia,Calomys_callosus,0,0,0,0,0,0,0,0,41.00000003,18.33,21.80000002,21.00000001,2.400000002,12.05,9.649999992,4.909999999,3.000000002,NA,256
Rodentia,Calomys_musculinus,0,0,0,0,0,0,0,0,20.02500001,NA,20.96999998,NA,NA,NA,NA,6.270000002,NA,NA,251
Didelphimorphia,Caluromys_philander,0,0,0,0,0,0,0,0,243.5000193,119.9999873,23.98832919,166.4999088,0.2,23,22.8,4.184999997,2.000000002,6.299999993,127
Artiodactyla,Camelus_dromedarius,0,0,0,0,0,0,0,0,449999.9857,404.9999784,386.3669771,535.3329805,37149.99999,NA,NA,1,1,39.99999997,7138
Carnivora,Canis_aureus,1,1,1,0,0,0,1,1,8786.666663,60.00000685,61.23503917,365.0001139,211.8750002,NA,NA,4.500000002,0.986301063,16.00000001,393
Carnivora,Canis_latrans,1,1,1,0,0,0,1,1,9699.999235,45.50000035,61.51768727,365.0001139,201.3999999,NA,NA,5.999999995,0.986301063,21.80000002,6901
Carnivora,Canis_lupus,1,1,1,0,0,0,1,1,31100.00079,45.50000035,63.24118514,365.0001139,425,NA,NA,4.700000001,2.000000002,20.00000002,8611
Carnivora,Canis_mesomelas,1,1,1,0,0,0,1,1,7199.999993,34.1,62.49999995,273.7500001,177.2000002,NA,NA,3.889999997,1.315068493,14.00000001,249
Carnivora,Canis_simensis,1,1,1,0,0,0,1,1,12800.00001,69.60000006,63.61000006,364.9999996,NA,NA,NA,4,0.986301369,NA,103
Cetacea,Caperea_marginata,0,0,0,0,0,0,0,0,3199999.998,NA,NA,NA,NA,NA,NA,0.980000001,NA,NA,61
Artiodactyla,Capra_hircus,0,0,0,0,0,0,1,0,24999.9995,159.687492,152.4052754,365.0001139,1900,NA,NA,1.714999999,0.986301063,20.8,124163
Artiodactyla,Capra_ibex,0,0,0,0,0,0,0,0,40000.0008,136.8749899,167.1090614,547.4998443,2780.000001,15683.38999,12903.39,1.1,0.657534434,20.89999999,547
Artiodactyla,Capreolus_capreolus,0,0,0,0,0,0,0,0,24660.39337,110.2604092,195.8844674,365.0001139,1090,NA,NA,2.000000002,0.986301063,15,9124
Carnivora,Caracal_caracal,0,0,0,0,0,0,0,0,9680.000952,122.5000032,69.50243176,365.0001139,198.7499998,NA,NA,2.100000001,0.986301063,20.3,224
Rodentia,Castor_canadensis,1,1,0,0,0,0,1,1,12999.99999,46.50000001,111.5900001,NA,415.17,NA,NA,3.600000002,1,25.00000002,1023
Rodentia,Castor_fiber,1,1,0,0,1,0,0,1,20090.92813,60.17999994,106.4200001,NA,550.2699996,4199.989996,3649.719996,2.95,1,24.00000002,645
Rodentia,Cavia_porcellus,0,0,0,0,0,0,0,0,630.3999993,16.67999999,66.99000003,NA,79.91000006,212.34,132.43,3.449999999,4.999999996,14.79999999,412418
Primates,Cebus_albifrons,0,0,0,0,0,0,1,0,2111.500069,273.7499824,154.8816619,547.4998443,229.85,917.6899995,687.8400004,1,0.657534434,40.49999998,400
Primates,Cebus_apella,0,0,0,0,0,0,1,0,2465.285714,263.1199997,154.9899999,657.0000007,231.3800001,1113.05,881.6700008,1.05,0.547945205,45.10000001,6202
Primates,Cebus_capucinus,0,0,0,0,0,0,1,0,2768.666666,514.0699998,161.0600001,790.8300003,238.3600001,1349.989998,1111.630001,1.010000001,0.455217936,54.79999994,778
Primates,Cebus_olivaceus,0,0,0,0,0,0,1,0,2616.249998,725.8599994,NA,792.0499994,NA,NA,NA,1.010000001,0.45451676,47.00000001,113
Artiodactyla,Cephalophus_dorsalis,0,0,0,0,0,0,0,0,11587.77356,NA,238,NA,1611.370001,NA,NA,1,NA,17.50000001,47
Cetacea,Cephalorhynchus_commersonii,0,0,0,0,0,0,0,0,56000,NA,NA,NA,5834.739995,NA,NA,0.980000001,NA,18,121
Cetacea,Cephalorhynchus_hectori,0,0,0,0,0,0,0,0,56000,355.65,NA,NA,NA,NA,NA,1,0.42,NA,111
Perissodactyla,Ceratotherium_simum,0,0,0,0,0,0,0,0,1500000.141,456.2500237,532.1082593,956.6035759,48099.99996,274482.3498,226382.3501,1,0.376331439,49.99999996,590
Primates,Cercocebus_torquatus,0,0,0,0,0,0,0,0,6194.410751,NA,168.9800001,434.3500002,NA,NA,NA,1.010000001,0.828824681,46.00000003,303
Primates,Cercopithecus_ascanius,0,0,0,0,0,0,0,0,3621.200003,146.5399999,148.5000001,1580.450001,371.0000003,NA,NA,1.010000001,0.227783226,28.30000003,234
Primates,Cercopithecus_campbelli,0,0,0,0,0,0,0,0,2574.999998,362.9300002,180.7999999,NA,NA,NA,NA,1.020000001,NA,30.00000002,128
Primates,Cercopithecus_cephus,0,0,0,0,0,0,0,0,2857.999997,362.9300002,169.51,NA,337.1899997,NA,NA,1.010000001,NA,36.00000002,111
Carnivora,Cerdocyon_thous,1,1,1,0,0,0,0,1,5999.999995,89.99999804,55.97576015,243.3335544,140.0000001,NA,NA,3.000000002,1.479450711,12.7,287
Artiodactyla,Cervus_elaphus,0,0,0,0,0,0,1,0,229553.3336,104.64,235.6099999,NA,8255.820009,43977.20003,35721.37997,1.09,NA,24.69999999,19911
Artiodactyla,Cervus_nippon,0,0,0,0,0,0,0,0,28641.7797,197.6999999,223.6600002,NA,4277.110003,NA,NA,1,NA,26.29999997,1721
Primates,Cheirogaleus_crossleyi,0,0,0,0,0,0,0,1,NA,NA,NA,NA,NA,NA,NA,NA,NA,NA,14
Primates,Cheirogaleus_major,0,0,0,0,0,0,0,1,380.2500002,47.13999998,70,NA,18.07999999,NA,NA,2.259999999,NA,15,63
Primates,Cheirogaleus_medius,1,0,0,0,0,1,0,1,166,60.64999997,61.78999997,364.9999996,14.65000001,NA,NA,2.039999998,0.986301369,19.3,197
Rodentia,Chinchilla_lanigera,0,0,0,0,0,0,0,0,799.834255,NA,112.47,NA,39.59000002,NA,NA,1.870000002,NA,11.29999999,219
Rodentia,Chiropodomys_gliroides,0,0,0,0,0,0,0,0,22.00000001,16.87000002,20.13000001,NA,2.789999998,NA,NA,1.649999999,NA,3.600000002,26
Primates,Chiropotes_satanas,0,0,0,0,0,0,0,0,2720,NA,157.6700001,NA,NA,NA,NA,1,NA,19.59999998,130
Primates,Chlorocebus_aethiops,0,0,0,0,0,0,1,0,3162.27766,217.7600001,NA,NA,NA,NA,NA,NA,NA,30.80000004,657
Pilosa,Choloepus_didactylus,0,0,0,0,0,0,0,0,8029.999163,152.0833254,289.7343588,608.3338739,364.0000003,NA,NA,1,0.591780296,36.80000003,97
Carnivora,Chrysocyon_brachyurus,1,1,0,0,1,0,0,1,22849.99998,118.9999999,63.47999999,NA,372.2900001,NA,NA,2.000000002,NA,15,308
Carnivora,Civettictis_civetta,0,0,0,0,0,0,0,0,11920.00122,101.4999901,66.98846094,212.1421666,323.9999998,617.6500003,293.6499999,2.200000001,1.696975222,27.99999998,75
Primates,Colobus_guereza,0,0,0,0,0,0,1,0,8700.571433,387.7900003,169.0199999,486.6600002,444.9200005,1532.739999,1087.819999,1,0.739736161,24.49999998,395
Primates,Colobus_polykomos,0,0,0,0,0,0,1,0,7661.999159,182.5000131,174.5822153,459.0003324,599.9999995,1240,640,1,0.784313158,30.49999998,168
Artiodactyla,Connochaetes_taurinus,0,0,0,0,0,0,1,0,184899.9952,256.6666841,251.7676928,365.0001139,17749.99998,51051.33001,33301.33001,1,0.986301063,21.5,550
Chiroptera,Corynorhinus_rafinesquii,0,0,0,0,0,0,0,0,9.450000011,21.00000001,55.27000005,NA,2.449999998,NA,NA,1,1,NA,108
Rodentia,Cricetus_cricetus,0,0,0,0,0,0,0,0,190,24.85,19.49999998,131.3999999,4.709999999,87.4700001,82.76,7.140000004,2.000000002,3.999999997,609
Soricomorpha,Crocidura_russula,1,0,0,0,0,1,0,0,7.939999956,23.50000204,29.24152378,28.50000919,0.8,5.890000003,5.089999996,3.650000005,12.63157488,3.199999998,529
Soricomorpha,Crocidura_shantungensis,0,0,0,0,0,0,0,0,NA,NA,NA,NA,NA,NA,NA,NA,NA,NA,20
Carnivora,Crocuta_crocuta,0,0,0,0,0,0,1,0,55299.99601,288.9583176,109.9005839,485.1454917,1460.000001,14499.99001,13039.98999,1.914999999,0.742045441,41.10000001,1088
Rodentia,Cryptomys_hottentotus,0,0,0,0,0,0,1,1,60.23000511,27.99999798,85.50667129,133.00011,8,24.77000002,16.77000002,2.100000001,2.000000002,NA,240
Rodentia,Ctenomys_talarum,0,0,0,0,0,0,0,0,123.732,34.8,102.67,NA,8,NA,NA,4.340000005,1.5,3.000000002,204
Carnivora,Cuon_alpinus,1,1,1,0,0,0,1,1,13799.99999,58.00000086,61.51768727,365.0001139,275.0000001,NA,NA,3.499999997,0.986301063,16.00000001,219
Carnivora,Cynictis_penicillata,0,0,0,0,0,0,1,1,642.5,41.76,56.82999999,364.9999996,NA,NA,NA,2.15,0.986301369,15.2,90
Rodentia,Cynomys_gunnisoni,0,0,0,0,0,0,0,0,686.0000005,36.65,29.63999998,NA,NA,NA,NA,4.48,1,NA,127
Rodentia,Cynomys_ludovicianus,0,0,0,0,0,0,1,0,767.2142859,45.57000004,33.46000003,NA,15.24,123.5899999,108.3500001,4.429999998,1,11,819
Rodentia,Cynomys_parvidens,0,0,0,0,0,0,1,0,NA,NA,NA,NA,NA,NA,NA,4.889999999,1,NA,37
Chiroptera,Cynopterus_sphinx,0,0,0,0,0,0,0,0,54.600625,32.48999997,120,NA,11,25.00000002,14.00000001,1.5,2.000000002,10,312
Carnivora,Cystophora_cristata,0,0,0,0,0,0,0,0,200909.2813,9.499999994,334.5800001,364.9999996,21992.69999,43097.09003,21104.39001,1,0.986301369,NA,460
Artiodactyla,Dama_dama,0,0,0,0,0,0,0,0,38300.0023,149.0416672,230.1441817,365.0001139,4700.000001,16720.37999,12020.37999,1,0.986301063,25.00000002,2424
Artiodactyla,Damaliscus_pygargus,0,0,0,0,0,0,0,0,63900.00616,152.0833254,235.5049284,365.0001139,6875.000008,21189.56001,14314.55999,1.5,0.986301063,23,189
Rodentia,Dasymys_incomtus,0,0,0,0,0,0,0,0,99.00000009,30.00000002,NA,NA,NA,30.00000002,30.00000002,2.669999998,NA,NA,27
Rodentia,Dasyprocta_leporina,0,0,0,0,0,0,0,1,3828.247433,140.0000001,106.39,NA,NA,NA,NA,1.400000001,NA,17.79999999,104
Rodentia,Dasypus_novemcinctus,0,0,0,0,0,0,0,0,5701.642723,136.8699999,133.9999999,NA,96.48000005,NA,NA,3.960000001,NA,22.3,1006
Dasyuromorphia,Dasyurus_geoffroii,0,0,0,0,0,0,0,0,889.9999864,155.0000007,17.74189481,365.0001139,0.01275,29.89,29.87724999,5.500000006,1,3.000000002,55
Dasyuromorphia,Dasyurus_maculatus,0,0,0,0,0,0,0,0,2437.499998,134.9899999,21.00000001,364.9999996,NA,700,700,4.469999999,1,3.999999997,144
Dasyuromorphia,Dasyurus_viverrinus,0,0,0,0,0,0,0,0,880.0000564,139.9999885,20.74913517,365.0001139,0.02,402.8299997,402.8100003,5.249999995,1,6.800000005,169
Primates,Daubentonia_madagascariensis,0,0,0,0,0,0,0,0,2572.000212,281.3541983,166.341265,760.4173196,124.4999999,1535.000001,1410.500002,1,0.42,24.30000002,259
Cetacea,Delphinapterus_leucas,0,0,0,0,0,0,0,0,1360799.998,669.1666679,395.3666201,1003.751021,57000.00004,NA,NA,1,0.41,39.99999997,1501
Cetacea,Delphinus_delphis,0,0,0,0,0,0,0,0,80000,405.0500005,296.8900002,NA,7069.650008,39999.99002,32930.34002,0.980000001,NA,20.00000002,980
Perissodactyla,Diceros_bicornis,0,0,0,0,0,0,0,0,886800.0318,585.5208977,463.4469197,1049.375692,34999.99997,426865.4796,391865.4804,1,0.34306112,49,843
Rodentia,Dicrostonyx_groenlandicus,0,0,0,0,0,0,0,0,66.04999666,16.99999916,20.98939884,24.49999524,4.45,22.8,18.35000002,3.600000002,2.000000002,3.300000001,272
Didelphimorphia,Didelphis_virginiana,0,0,0,0,0,0,0,0,1849.999998,100,12.56029964,136.8749583,0.14,125,124.8600001,8.100000002,2.000000002,6.600000007,1683
Rodentia,Dipodomys_merriami,0,0,0,0,0,0,0,0,36.57499707,20.74999995,28.37919028,54.00002986,3.300000001,16.99999999,13.7,2.549999997,1.750000001,9.699999994,508
Rodentia,Dipodomys_spectabilis,0,0,0,0,0,0,0,0,NA,23.47000002,23.49999999,41.99999996,7.740000006,NA,NA,2.669999998,2.000000002,12.7,278
Rodentia,Dolichotis_patagonum,0,0,0,0,0,0,1,0,8329.999973,67.99999801,97.49896377,99.61460106,581.8500005,NA,NA,1.79,3.499999997,14.4,92
Chiroptera,Eidolon_helvum,0,0,0,0,0,0,0,0,214.3048748,60.82999994,164.3600002,NA,48.27999995,90.06000008,41.78000003,1.079999999,1,21.80000002,226
Carnivora,Eira_barbara,0,0,0,0,0,0,0,0,3950.000003,94.45999995,66.73999995,NA,82.99999993,1655.670001,1572.669999,2.139999998,NA,22.3,124
Macroscelidea,Elephantulus_brachyrhynchus,0,0,0,0,0,0,0,1,48.66666666,NA,NA,74.99999993,NA,NA,NA,1.540000001,4.799999996,NA,22
Macroscelidea,Elephantulus_intufi,0,0,0,0,0,0,0,1,57.00000582,34.99999643,51.0505,67.00003044,10,NA,NA,1.289999999,5.37313189,8.799999997,18
Macroscelidea,Elephantulus_myurus,0,0,0,0,0,0,0,1,59.30000091,22.99999809,50.0034535,48.99999097,8.100000002,NA,NA,1.945000002,3.000000002,1.1,63
Proboscidea,Elephas_maximus,0,0,0,0,0,0,1,0,2859999.999,218.2600001,634.4900004,1186.249999,96999.99994,NA,NA,1.410000001,0.303477344,80,1429
Carnivora,Enhydra_lutris,0,0,0,0,0,0,1,0,22950.00001,136.8749899,237.1373706,547.4998443,1894.375001,12414.81999,10520.44499,1,0.657534434,30.00000002,1159
Chiroptera,Epomophorus_wahlbergi,0,0,0,0,0,0,0,0,83.18481996,668.7999993,156.4299999,NA,NA,NA,NA,0.990000001,2.000000002,10.10000001,79
Chiroptera,Epomops_buettikoferi,0,0,0,0,0,0,0,0,102.3000001,55.65000004,139.9199998,NA,23.23000001,47.25999997,24.03000001,0.980000001,2.000000002,NA,19
Chiroptera,Epomops_franqueti,0,0,0,0,0,0,0,0,91.75149999,NA,161.7699998,NA,20.00000002,70,49.99999996,1,2.000000002,NA,42
Chiroptera,Eptesicus_fuscus,0,0,0,0,0,0,0,0,17.73000002,34.17999997,52.14000002,NA,3.209999997,13.19999999,9.989999995,1.849999998,1,19,2363
Perissodactyla,Equus_asinus,0,0,0,0,0,0,0,0,1909853.259,NA,366.9999998,NA,29249.99,32500,3250.009998,1,NA,47.00000001,7750
Perissodactyla,Equus_burchellii,0,0,0,0,0,0,0,0,280550.0174,334.5833306,371.5352291,385.0002398,32449.99999,165361.1401,132911.14,1,0.935064353,39.99999997,137
Perissodactyla,Equus_caballus,0,0,0,0,0,0,1,0,991999.9996,341.76,338.9699997,547.5000006,37899.98997,NA,NA,1,1,61.99999993,196741
Perissodactyla,Equus_grevyi,0,0,0,0,0,0,0,0,349999.9643,273.7499824,406.4433292,582.0147619,39999.99997,NA,NA,1,0.5,22.00000001,187
Perissodactyla,Equus_zebra,0,0,0,0,0,0,0,0,248100.0204,304.1666538,363.0780548,653.9582154,30000.00002,117097.7801,87097.77988,1,0.35,24.00000002,297
Rodentia,Erethizon_dorsatum,0,0,0,0,0,0,0,0,6823.386941,16.27,210.9899999,NA,490.5899995,NA,NA,1,NA,18,279
Erinaceomorpha,Erinaceus_europaeus,0,0,0,0,0,0,0,0,NA,39.99999997,36.98000002,NA,15.53999998,234.9999999,219.4600001,4.640000005,1.5,11.70000001,1258
Primates,Erythrocebus_patas,0,0,0,0,0,0,1,0,6317.000336,42.00000093,167.4942876,361.9586835,504.5000005,2202.460001,1697.96,1.010000001,0.994588655,23.9,1143
Cetacea,Eschrichtius_robustus,0,0,0,0,0,0,0,0,25000000.02,211.7099999,379.9000004,638.7499998,499999.9996,NA,NA,1,0.5,70,677
Cetacea,Eubalaena_australis,0,0,0,0,0,0,0,0,NA,296.33,361.9800003,1213.62,NA,NA,NA,NA,0.296633213,70,276
Artiodactyla,Eudorcas_thomsonii,0,0,0,0,0,0,0,0,20900.00067,93.2499999,166.14,193.9,2500.000002,NA,NA,1,1.856627129,20.00000002,119
Primates,Eulemur_fulvus,0,0,0,0,0,0,0,0,2249.999906,135.0000098,119.9499303,547.4998443,75.20000007,NA,NA,1.030000001,0.657534434,36.99999999,534
Primates,Eulemur_macaco,0,0,0,0,0,0,0,0,2463.99998,152.0833254,127.9381304,365.0001139,61.99999993,NA,NA,1.020000001,1,30.00000002,213
Primates,Eulemur_mongoz,0,0,0,0,0,0,0,1,1713.166668,151.1299999,128.9999999,NA,59.48000002,NA,NA,1.110000001,1,30.00000002,113
Primates,Eulemur_rubriventer,0,0,0,0,0,0,1,1,2463.99998,151.2200001,126.9899999,NA,84.96999995,NA,NA,1.010000001,NA,20.00000002,132
Carnivora,Eumetopias_jubatus,0,0,0,0,0,0,1,0,287550.0186,349.7916999,341.9794425,365.0001139,18250.00001,NA,NA,1,0.986301063,32.80000002,962
Carnivora,Felis_catus,0,0,0,0,0,0,0,0,NA,NA,62.98999995,NA,112.9999999,NA,NA,NA,NA,34,12073
Carnivora,Felis_chaus,0,0,0,0,0,0,0,0,5849.999999,95.48999993,62.88,130.0099999,135.4999999,2212.499998,2077.000002,2.939999997,2.000000002,20.00000002,128
Carnivora,Felis_concolor,0,0,0,0,0,0,0,0,43140.00002,89.99999991,93.0000001,NA,339.5000003,NA,NA,3.499999997,NA,20.00000002,1012
Carnivora,Felis_silvestris,0,0,0,0,0,0,0,0,4090,73.12500352,65.46361741,148.2501017,106.4500001,587.5999998,481.1499999,3.754999997,2.000000002,18,1238
Carnivora,Fossa_fossana,0,0,0,0,0,0,0,0,1600.000064,73.02083587,84.72274141,365.0001139,70,NA,NA,1,0.986301063,11,19
Rodentia,Funambulus_pennantii,0,0,0,0,0,0,0,0,85.56000475,59.5000047,41.49540426,152.0834654,6.55,NA,NA,3.000000002,2.500000002,NA,25
Rodentia,Funambulus_tristriatus,0,0,0,0,0,0,0,0,127,125.6899999,NA,NA,5.869999997,NA,NA,2.640000001,NA,NA,31
Primates,Galago_alleni,0,0,0,0,0,0,0,0,263.2500001,NA,133,364.9999996,23.93000002,NA,NA,1.289999999,1,12,38
Primates,Galago_demidoff,0,0,0,0,0,0,0,0,NA,43.46999998,111.0000001,364.9999996,9.890000009,NA,NA,1.289999999,1.5,14.00000001,5
Primates,Galago_moholi,0,0,0,0,0,0,0,0,NA,90.45999991,122.29,182.5000001,11.73,94.99999994,83.27000007,1.600000001,1.97260274,16.6,96
Primates,Galago_senegalensis,0,0,0,0,0,0,1,0,196.9999881,100.2999924,124.4514612,223.5625219,11.70000001,122.47,110.7700001,1.712499999,2.000000002,17.09999998,529
Primates,Galagoides_zanzibaricus,0,0,0,0,0,0,0,0,134.3249999,NA,122.9999999,NA,14.54999999,NA,NA,1.319999999,2.000000002,NA,11
Primates,Galea_musteloides,0,0,0,0,0,0,1,0,NA,31.13000002,53.89999998,53.09999999,37.38999999,113.68,76.29000002,2.6,7,3.499999997,116
Carnivora,Galerella_pulverulenta,0,0,0,0,0,0,0,0,692.3064519,NA,NA,NA,20.19,NA,NA,2.249999999,NA,11.70000001,17
Carnivora,Galerella_sanguinea,0,0,0,0,0,0,0,0,439.9999995,54.44000006,61.26999995,182.5000001,NA,NA,NA,2.500000002,2.000000002,12.6,44
Carnivora,Galidia_elegans,0,0,0,0,0,0,0,1,809.9999648,60.83333136,78.52356346,365.0001139,48.75,509.5700002,460.8200004,1,1,13.19999999,27
Artiodactyla,Gazella_dorcas,0,0,0,0,0,0,0,0,13000.00143,45.62500237,172.1868575,290.8499544,1500,4001.140003,2501.140001,1,1.237751613,17.09999998,178
Artiodactyla,Gazella_gazella,0,0,0,0,0,0,0,0,17999.99979,89.3750093,182.3895702,228.1250621,2124.999998,NA,NA,1.5,1.578081763,12,229
Carnivora,Genetta_genetta,0,0,0,0,0,0,0,0,1799.999979,61.91667127,72.61059574,182.5000551,77.75000005,NA,NA,1.624999999,1.972602145,34,244
Carnivora,Genetta_tigrina,0,0,0,0,0,0,0,0,1846.000001,87.76999993,71.48000003,304.1600003,85.50000005,NA,NA,2.76,1.183587585,21.29999998,43
Rodentia,Geocapromys_ingrahami,0,0,0,0,0,0,0,0,660.0000007,5.839999998,109.21,325,76.67999996,250.0000002,173.3199999,1.039999999,1.107692308,5.999999995,18
Rodentia,Geomys_bursarius,0,0,0,0,0,0,0,0,147.4999999,34.9,18.49999998,NA,5.109999998,22.49999999,17.39,3.139999999,1,7.199999993,253
Rodentia,Georychus_capensis,0,0,0,0,0,0,0,0,188.5999998,21.83000001,43.74000003,NA,8.119999995,265,256.8800003,5.94,2.000000002,NA,86
Rodentia,Gerbillurus_paeba,0,0,0,0,0,0,0,0,NA,22.84000002,26,NA,2.089999999,13.49000001,11.39999999,3.640000003,NA,NA,91
Rodentia,Gerbillus_perpallidus,0,0,0,0,0,0,0,0,NA,NA,20.21999999,NA,2.239999998,17.22999998,14.99000001,4.650000001,NA,5.499999994,18
Rodentia,Gerbillus_pyramidum,0,0,0,0,0,0,0,0,36.99999999,27.50000001,22.14000002,NA,2.500000002,14.83,12.33000001,3.300000001,4.999999996,8.199999993,168
Artiodactyla,Giraffa_camelopardalis,0,0,0,0,0,0,1,0,832499.9191,197.7083447,452.8975799,608.3338739,55249.99995,NA,NA,1.059999999,1,36.20000004,1721
Rodentia,Glaucomys_sabrinus,0,0,0,0,0,0,0,0,NA,65.00000005,39.99999997,NA,5.64,39.74000002,34.1,3.000000002,1,12.99999999,346
Rodentia,Glaucomys_volans,0,0,0,0,0,0,0,0,79.0678628,57.23000001,39.49000002,116.7499999,3.610000001,46.20000005,42.58999999,3.130000003,2.000000002,19,289
Cetacea,Globicephala_melas,0,0,0,0,0,0,0,0,800000,608.3299995,479.0599998,NA,180000,NA,NA,1,NA,59.99999995,397
Primates,Gorilla_gorilla,0,0,0,0,0,0,0,0,84999.99497,486.6666655,257.0395783,1438.099714,2100.000001,18967.66999,16867.67001,1,0.250330347,47.00000001,7075
Rodentia,Grammomys_macmillani,0,0,0,0,0,0,0,0,NA,NA,NA,NA,NA,NA,NA,NA,NA,NA,5
Carnivora,Gulo_gulo,0,0,0,0,0,0,0,0,9879.998986,87.44792322,168.2674061,821.2492766,86.05000007,NA,NA,3.000000002,0.5,18,611
Carnivora,Halichoerus_grypus,0,0,0,0,0,0,1,0,173999.9807,18.37499798,349.945167,365.0001139,14354.37501,42148.54005,27794.16498,1,0.986301063,42.89999998,1680
Primates,Hapalemur_aureus,0,0,0,0,0,0,0,0,NA,NA,142.4999999,364.9999996,NA,NA,NA,1.010000001,0.986301369,NA,45
Primates,Hapalemur_griseus,0,0,0,0,0,0,0,0,841.0000081,182.5000131,142.5607594,334.5830995,45.20000002,NA,NA,1,1.075965883,23.3,231
Primates,Hapalemur_simus,0,0,0,0,0,0,0,0,NA,NA,148.9999999,NA,NA,NA,NA,NA,NA,17.60000001,57
Carnivora,Helogale_parvula,1,1,0,1,1,1,1,1,249.8749999,21.00000001,54.08000001,141.94,NA,NA,NA,3.49,2.249999999,10,58
Afrosoricida,Hemicentetes_semispinosus,0,0,0,0,0,0,0,0,113.2400363,21.5,53.07000005,NA,7.389999993,NA,NA,5.319999996,1.5,NA,27
Artiodactyla,Hemitragus_jemlahicus,0,0,0,0,0,0,0,0,44977.98549,NA,195.7599998,364.9999996,2699.999999,NA,NA,1.010000001,0.986301369,21.80000002,125
Carnivora,Herpestes_javanicus,0,0,0,0,0,0,0,0,530.0000371,42.00000093,48.19477976,152.0834654,25.00000002,275.0000001,250.0000002,2.375,2.000000002,16.6,108
Rodentia,Heterocephalus_glaber,0,0,0,0,0,0,1,1,NA,27.28,70.49000007,81.09999996,1.859999999,11,9.140000006,11.29999999,4.500000002,31.00000001,805
Artiodactyla,Hippopotamus_amphibius,0,0,0,0,0,0,0,0,1353500.124,334.5833306,235.5049284,696.5415051,40100.00004,206389.4402,166289.4401,1,1,54.30000005,351
Artiodactyla,Hippotragus_equinus,0,0,0,0,0,0,0,0,259500.0226,182.5000131,277.9713268,316.9998086,16499.99999,NA,NA,1,1.135647374,16.99999999,201
Artiodactyla,Hippotragus_niger,0,0,0,0,0,0,0,0,218999.9925,212.9166871,271.0191632,365.0001139,16499.99999,NA,NA,1,0.986301063,19.79999999,247
Carnivora,Histriophoca_fasciata,0,0,0,0,0,0,0,0,NA,24.49999998,299.1800001,364.9999996,10245.24999,26154.28001,15909.03001,1,0.986301369,NA,80
Carnivora,Hyaena_brunnea,0,0,0,0,0,0,1,0,43899.99998,302.4399997,95.79999998,532.2899997,693.0900003,27399.98998,26706.89998,2.3,0.676323058,12.99999999,147
Carnivora,Hyaena_hyaena,0,0,0,0,0,0,0,0,26599.99776,136.8749899,89.94975815,237.2498792,663.9999994,NA,NA,2.500000002,1.517387496,24.00000002,209
Rodentia,Hydrochoerus_hydrochaeris,0,0,0,0,0,0,0,0,42200.00477,109.75,150.7299999,NA,1500,NA,NA,3.49,1,12,571
Rodentia,Hydromys_chrysogaster,0,0,0,0,0,0,0,0,465.5000157,29.72500251,34.91403155,60.83338739,25.00000002,150,125,3.999999997,2.500000002,7.299999998,87
Artiodactyla,Hydropotes_inermis,0,0,0,0,0,0,0,0,12217.9966,NA,175.49,NA,1016.19,NA,NA,3.000000002,NA,13.89999999,172
Carnivora,Hydrurga_leptonyx,0,0,0,0,0,0,0,0,366999.9998,30.40999999,272.7900001,364.9999996,29999.99,52308.57005,22308.57999,0.96,0.986301369,NA,246
Primates,Hylobates_lar,0,0,0,0,0,0,1,1,5352.71428,725.8599994,212.91,983.6699989,398.8600001,1025.019999,626.1600003,1.010000001,0.365976394,31.50000002,792
Cetacea,Hyperoodon_ampullatus,0,0,0,0,0,0,0,0,2133600.002,364.9999996,364.9999996,NA,NA,NA,NA,1,0.7,36.99999999,137
Chiroptera,Hypsignathus_monstrosus,0,0,0,0,0,0,0,0,265.0039998,NA,125.1400001,NA,39.29999997,163.9199999,124.62,1.400000001,2.000000002,NA,63
Rodentia,Hystrix_cristata,0,0,0,0,0,0,0,1,13803.84265,NA,79.19000001,NA,NA,NA,NA,1.729999999,2.000000002,27.99999998,204
Carnivora,Ictonyx_striatus,0,0,0,0,0,0,0,0,647.9999912,55.99999652,35.97493352,365.0001139,13.74999999,NA,NA,2.500000002,1,14.00000001,32
Cetacea,Inia_geoffrensis,0,0,0,0,0,0,0,0,96499.99992,NA,314.2499997,NA,6799.989999,NA,NA,1,NA,30.00000002,257
Peramelemorphia,Isoodon_macrourus,0,0,0,0,0,0,0,0,1050.000002,60.00000685,12.24616199,60.49994781,0.1729,150,149.8271002,3.015000004,2.660000002,6.800000005,293
Rodentia,Jaculus_jaculus,0,0,0,0,0,0,0,0,60.70000125,60.83333136,44.97798549,91.25002666,2.000000002,NA,NA,3.499999997,1.5,7.299999998,105
Cetacea,Kogia_breviceps,0,0,0,0,0,0,0,0,NA,NA,NA,NA,81999.99993,62599.99997,NA,0.969999999,NA,16.99999999,280
Cetacea,Lagenorhynchus_acutus,0,0,0,0,0,0,0,0,182000,547.5000006,319.3699998,NA,24000.00002,NA,NA,1.220000001,0.41,26.99999999,212
Cetacea,Lagenorhynchus_obscurus,0,0,0,0,0,0,0,0,NA,NA,NA,NA,NA,NA,NA,NA,NA,NA,200
Rodentia,Lagostomus_maximus,0,0,0,0,0,0,0,0,3342.85714,55.68000005,155.7300001,NA,195.9999998,543.4599994,347.4599997,1.93,1.25,9.400000009,247
Rodentia,Lagurus_lagurus,0,0,0,0,0,0,0,1,20.90000067,21.00000025,19.9986187,27.50001939,1.25,5.750000004,4.500000002,3.205000001,5.249999995,3.800000003,149
Artiodactyla,Lama_glama,0,0,0,0,0,0,0,0,NA,131.7,342.7399997,NA,8999.990002,29000.00001,20000.01001,1,1,28.90000002,5588
Artiodactyla,Lama_pacos,0,0,0,0,0,0,0,0,NA,210.0000001,323.6999997,NA,7583.999994,NA,NA,1,NA,NA,1647
Chiroptera,Lasionycteris_noctivagans,0,0,0,0,0,0,0,0,10.79999999,35.99000003,53.54999998,NA,1.920000001,10.10000001,8.180000006,1.769999999,1,12,450
Diprotodontia,Lasiorhinus_latifrons,0,0,0,0,0,0,0,0,25999.99713,270.0000223,20.74913517,365.0001139,0.5,3999.999997,3999.499999,1,0.986301063,29.89999998,155
Chiroptera,Lasiurus_borealis,0,0,0,0,0,0,0,0,NA,38.00000003,84.20999993,NA,4.289999998,5.839999998,1.549999999,3.12,1,NA,471
Rodentia,Lemmus_lemmus,0,0,0,0,0,0,0,0,57.400001,17.99999979,20.18366364,20.99998575,3.950000003,NA,NA,5.195000001,3.499999997,2.000000002,204
Primates,Lemur_catta,0,0,0,0,0,0,1,0,2290.000093,167.2916636,133.6595517,425.8336725,70,NA,NA,1.335000001,1,37.30000002,1205
Primates,Leontopithecus_caissara,1,0,0,1,0,0,0,1,NA,NA,NA,NA,NA,NA,NA,NA,NA,NA,24
Primates,Leontopithecus_chrysopygus,1,0,0,1,0,0,0,1,NA,NA,NA,NA,NA,NA,NA,NA,NA,NA,63
Primates,Leontopithecus_rosalia,1,0,0,1,1,1,1,1,577.9999489,76.99999554,131.5224832,182.5000551,54.44999999,164.9999999,110.55,1.649999999,1.972602145,22.00000001,432
Carnivora,Leopardus_geoffroyi,0,0,0,0,0,0,0,0,2200.000097,NA,NA,NA,91.70000007,NA,NA,NA,NA,23,92
Carnivora,Leopardus_pardalis,0,0,0,0,0,0,0,0,10750.00088,42.00000093,79.9834255,547.4998443,250.0000002,NA,NA,1.750000001,1,20.3,500
Primates,Lepilemur_leucopus,0,0,0,0,0,0,0,0,NA,121.66,135.92,NA,NA,NA,NA,1.010000001,1,NA,34
Primates,Lepilemur_mustelinus,0,0,0,0,0,0,0,0,645.2499997,76.21000007,133.45,NA,26.99999999,NA,NA,1,1,NA,34
Primates,Lepilemur_ruficaudatus,0,0,0,0,0,0,0,1,764.5000004,119.3200001,135.92,NA,NA,NA,NA,1.020000001,NA,NA,43
Primates,Lepilemur_septentrionalis,0,0,0,0,0,0,0,0,NA,120.9700001,134.9899999,NA,NA,NA,NA,1,1,NA,21
Carnivora,Leptonychotes_weddellii,0,0,0,0,0,0,1,0,389941.9867,43.35000002,314.9899997,364.9999996,27395.83999,109999.9901,82604.15007,1,0.986301369,20.00000002,647
Lagomorpha,Lepus_americanus,0,0,0,0,0,0,0,0,1956.150207,22.97999998,36.56999997,36.99999999,67.83999996,440.9000002,373.0600001,3.54,2.500000002,4.999999996,1285
Lagomorpha,Lepus_capensis,0,0,0,0,0,0,0,0,1956.150207,29.20833493,41.9758984,39.10002184,114.0999999,914.9900007,800.8899999,2.400000002,3.000000002,NA,231
Lagomorpha,Lepus_europaeus,0,0,0,0,0,0,0,0,3749.730022,NA,41.99000004,NA,122.9999999,NA,NA,2.139999998,4.399999995,12,1425
Carnivora,Lontra_canadensis,0,0,0,0,0,0,0,0,7800.000006,123.8333438,75.6832895,365.0001139,135.9999999,NA,NA,3.214999998,0.986301063,23,254
Rodentia,Lophuromys_flavopunctatus,0,0,0,0,0,0,0,0,NA,42.72,30.69999997,NA,6.500000005,15.49000001,8.990000006,2.3,NA,NA,74
Primates,Loris_lydekkerianus,0,0,0,0,0,0,0,0,NA,NA,NA,NA,NA,NA,NA,NA,NA,NA,29
Primates,Loris_tardigradus,0,0,0,0,0,0,1,0,223.9999905,152.0833254,165.9586907,182.5000551,11,138.9999999,128.0000001,1,1.972602145,16.4,194
Proboscidea,Loxodonta_africana,0,0,0,0,0,0,1,0,2696000.075,1094.999952,654.6361741,1825.000551,94999.99994,550616.5602,455616.5603,1,0.197260214,80,3988
Carnivora,Lutra_lutra,0,0,0,0,0,0,0,0,7050,56.12500594,62.95061829,365.0001139,285,NA,NA,1.889999999,1,22.00000001,1312
Carnivora,Lycaon_pictus,1,1,1,0,0,0,1,1,22199.99998,91.25000565,70.30723199,355.8746065,308.0000004,NA,NA,7.354999999,1.011592268,11,659
Carnivora,Lynx_canadensis,0,0,0,0,0,0,0,0,8590.135215,111.3599999,62.49999995,364.9999996,203.9999998,NA,NA,2.73,0.986301369,26.8,338
Carnivora,Lynx_lynx,0,0,0,0,0,0,0,0,17799.99991,76.04166193,66.98846094,365.0001139,289.0000002,NA,NA,2.000000002,1,26.8,1050
Carnivora,Lynx_rufus,0,0,0,0,0,0,0,0,5199.999478,65.00000649,57.54399373,365.0001139,300.0000002,NA,NA,2.799999998,0.986301063,32.29999998,883
Primates,Macaca_arctoides,0,0,0,0,0,0,0,0,8523.000227,319.3749871,177.0108958,546.0494827,492.0000003,2300,1807.999999,1,0.659280911,29.19999997,1334
Primates,Macaca_assamensis,0,0,0,0,0,0,0,0,5484.999597,NA,NA,NA,459.0000005,NA,NA,NA,NA,31.39999999,204
Primates,Macaca_fascicularis,0,0,0,0,0,0,1,0,3599.999994,206.9999783,164.8162392,401.5004164,335,854.1600006,519.1600003,1,1,38.00000003,41445
Primates,Macaca_maura,0,0,0,0,0,0,0,0,5714.786367,497.1599996,167.1900001,669.1599992,388.4600002,NA,NA,1.010000001,0.537987925,33.00000001,79
Primates,Macaca_mulatta,0,0,0,0,0,0,1,0,6500.000649,311.770845,165.5769963,405.9999686,476.0000003,1314.909999,838.9099994,1.005000001,1,36.00000002,91329
Primates,Macaca_nemestrina,0,0,0,0,0,0,0,0,NA,292.6000001,170.9999998,405.07,472.9200001,1367.389998,894.4699997,1.010000001,0.888735281,37.60000001,9964
Primates,Macaca_nigra,0,0,0,0,0,0,0,0,5484.999597,365.0000299,173.3803998,543.749662,459.0000005,NA,NA,1,0.662069377,34,231
Primates,Macaca_radiata,0,0,0,0,0,0,1,0,3849.999738,304.1666538,162.9296033,365.0001139,368.9999999,2000.000002,1631,1,0.986301063,30.00000002,1561
Primates,Macaca_silenus,0,0,0,0,0,0,0,0,5550.000216,365.0000299,176.1976046,517.0838813,418.4999997,NA,NA,1,0.696211994,39.99999997,302
Primates,Macaca_sinica,0,0,0,0,0,0,0,0,3435.999999,NA,180.9000001,547.5000006,NA,NA,NA,1.010000001,0.657534246,34.99999997,116
Primates,Macaca_thibetana,0,0,0,0,0,0,0,0,11149.99999,451.7900001,169.0199999,729.9999998,499.9899996,2409.969998,1909.980002,1.010000001,0.493150685,26.99999999,212
Diprotodontia,Macropus_agilis,0,0,0,0,0,0,0,0,11000.00038,322.000021,29.37649652,214.9581917,0.634,2286.700001,2286.066002,1.005000001,1.8,10.20000001,110
Diprotodontia,Macropus_antilopinus,0,0,0,0,0,0,0,0,17499.99804,426.0000009,33.96252726,270.0001466,0.703,NA,NA,1,1.33333261,15.89999999,33
Diprotodontia,Macropus_eugenii,0,0,0,0,0,0,0,0,5500.000133,307.4999858,27.60577856,365.0001139,0.444,1048.800001,1048.356,1.010000001,1,9.800000007,1823
Diprotodontia,Macropus_fuliginosus,0,0,0,0,0,0,0,0,21750.00194,540.00005,30.8318795,372.0197529,0.869165001,7778.170002,7777.30083,1.005000001,1,20.00000002,321
Diprotodontia,Macropus_giganteus,0,0,0,0,0,0,0,0,28500.00262,538.4999905,36.55947916,362.7947552,0.849335,8124.029991,8123.180659,1.010000001,1,24.00000002,659
Diprotodontia,Macropus_parma,0,0,0,0,0,0,0,0,3775.000383,293.9999794,32.88516309,213.0001945,0.50835,754.0000002,753.4916501,1,1.299999999,8,98
Diprotodontia,Macropus_robustus,0,0,0,0,0,0,0,0,17299.99988,395.4166933,33.96252726,258.5419381,0.703,4743.410002,4742.706998,1,1.392424002,19.59999998,288
Diprotodontia,Macropus_rufogriseus,0,0,0,0,0,0,0,0,13899.99999,427.4999812,27.28977783,296.8998649,0.537,3199.210003,3198.672997,1.010000001,1,15.2,365
Diprotodontia,Macropus_rufus,0,0,0,0,0,0,0,0,28250.00311,359.9999994,32.28494122,238.4997895,0.817000001,7416.190004,7415.372995,1,1.509435296,30.00000002,587
Artiodactyla,Madoqua_kirkii,0,0,0,0,0,0,0,1,5315.000381,42.58333784,172.1868575,190.2501466,648.0000002,1633.49,985.4900006,1,1.892245587,10,59
Primates,Mandrillus_leucophaeus,0,0,0,0,0,0,0,0,10000,486.6666655,176.1976046,577.9163748,722.0000007,NA,NA,1,0.5,33.40000001,28539
Primates,Mandrillus_sphinx,0,0,0,0,0,0,0,0,11799.99999,348.0099996,173.99,521.6399997,612.8899994,3000.000002,2387.109999,1.020000001,0.690131126,46.00000003,671
Pholidota,Manis_gigantea,0,0,0,0,0,0,0,0,NA,NA,NA,364.9999996,499.9899996,5999.990006,5499.999994,NA,1,NA,23
Pholidota,Manis_tetradactyla,0,0,0,0,0,0,0,0,NA,NA,NA,364.9999996,NA,399.9999997,399.9999997,1.05,1,NA,10
Pholidota,Manis_tricuspis,0,0,0,0,0,0,0,0,1479.999999,177.82,126.8500001,273.7500001,109.5400001,670.8199995,561.2799995,1,1,NA,57
Rodentia,Marmota_flaviventris,0,0,0,0,0,0,1,0,2799.999798,24.9999995,30.1995172,456.2501287,33.79999998,437.7500002,403.9499996,4.500000002,1,21.2,409
Rodentia,Marmota_marmota,0,0,0,0,0,0,1,1,4224.999871,61.91667127,35.2370871,912.5002666,29.75,NA,NA,3.499999997,1,18,292
Rodentia,Marmota_monax,0,0,0,0,0,0,0,0,3810.250002,43.83000003,31.50000002,NA,27.19000003,247.9900002,220.8,4.100000003,1,14.00000001,835
Carnivora,Martes_pennanti,0,0,0,0,0,0,0,0,2374.999924,69.99999355,342.7677865,365.0001139,30.00000002,NA,NA,2.349999999,0.986301063,10,248
Rodentia,Mastomys_coucha,0,0,0,0,0,0,0,0,2.239999998,NA,NA,35.73999999,2.12,NA,NA,7.960000005,10.07274763,NA,225
Rodentia,Mastomys_natalensis,0,0,0,0,0,0,0,0,39.50000003,20.00000002,23.63999999,27.99999998,1.979999999,12.09,10.11000001,9.229999999,2.000000002,NA,1113
Rodentia,Maxomys_bartelsii,0,0,0,0,0,0,0,0,NA,NA,NA,NA,NA,NA,NA,NA,NA,NA,7
Rodentia,Maxomys_surifer,0,0,0,0,0,0,0,0,160.0000001,NA,NA,NA,NA,NA,NA,3.54,NA,NA,65
Rodentia,Maxomys_whiteheadi,0,0,0,0,0,0,0,0,47.77999995,NA,NA,NA,NA,NA,NA,3.000000002,NA,NA,27
Cetacea,Megaptera_novaeangliae,0,0,0,0,0,0,0,0,30000000.02,318.4600002,349.7899996,729.9999998,1299999.99,NA,NA,1,0.37,94.99999994,1657
Carnivora,Meles_meles,0,0,0,0,0,0,0,0,8625.000005,91.3000001,48.59999997,364.9999996,90.24000007,NA,NA,3.11,0.986301369,16.20000002,1953
Rodentia,Melomys_leucogaster,0,0,0,0,0,0,0,0,95.99999999,20.00000002,NA,NA,NA,NA,NA,2.15,NA,NA,3
Rodentia,Melomys_platyops,0,0,0,0,0,0,0,0,69.09999994,20.00000002,NA,NA,NA,NA,NA,2.000000002,NA,NA,3
Rodentia,Melomys_rubex,0,0,0,0,0,0,0,0,45.90000005,NA,NA,NA,NA,NA,NA,2.000000002,NA,NA,7
Rodentia,Melomys_rufescens,0,0,0,0,0,0,0,0,54.99999994,20.00000002,NA,NA,NA,NA,NA,2.170000001,NA,NA,14
Carnivora,Mephitis_mephitis,0,0,0,0,0,0,0,0,2000.000002,55.41666676,63.24118514,220.5210238,33.20000002,NA,NA,4.640000005,2.000000002,12.89999999,679
Rodentia,Meriones_tamariscinus,0,0,0,0,0,0,0,0,NA,17.44000002,NA,26.99999999,2.969999998,15.15999999,12.19000001,4.039999999,2.000000002,NA,111
Rodentia,Meriones_unguiculatus,1,0,0,0,1,1,0,0,54.14000605,22.49999906,25.11886432,46.00001783,2.859999999,13.24,10.38000001,5.069999996,3.000000002,6.299999993,15839
Rodentia,Mesocricetus_auratus,0,0,0,0,0,0,0,0,75.99999995,18.64999999,15.49000001,NA,2.349999999,22.93000001,20.57999998,8.789999999,3.999999997,3.9,26157
Rodentia,Microcavia_australis,0,0,0,0,0,0,0,0,30.90000146,21.00000025,54.07543229,54.60004492,30.40000003,NA,NA,2.799999998,4.500000002,NA,62
Primates,Microcebus_murinus,0,0,0,0,0,0,1,0,67.50000422,41.00000409,60.25595861,328.4997172,4.799999996,NA,NA,1.93,1.095891355,14.00000001,918
Rodentia,Microtus_agrestis,0,0,0,0,0,0,0,0,22.24000088,13.99999885,20.70141349,20.25997943,2.100000001,8.84,6.739999992,4.550000004,3.499999997,3.300000001,2097
Rodentia,Microtus_arvalis,0,0,0,0,0,0,0,0,23.20000081,16.99999916,20.79696687,25.15000061,1.945000002,9.179999996,7.234999992,4.765,5.999999995,3.000000002,2350
Rodentia,Microtus_californicus,1,0,0,0,1,0,0,0,26.39999837,17.36000001,21.18000001,NA,3.280000002,18.89,15.61,4.409999995,4.999999996,NA,223
Rodentia,Microtus_montanus,0,0,0,0,0,0,0,0,48.88000031,16.2500013,20.89296131,22.24999922,3.9,9.330000005,5.430000005,5.309999999,4.760000003,NA,498
Rodentia,Microtus_ochrogaster,1,0,0,0,1,1,0,1,46.30000096,20.0000002,21.97859873,25.99997917,3.000000002,15.13999999,12.14000001,3.87,4.069999998,5.300000005,2112
Rodentia,Microtus_oeconomus,1,0,0,1,0,1,0,0,37.20000001,20.0000002,21.23244462,23.15000025,2.3,15.59999999,13.3,5.700000004,3.499999997,1.8,997
Rodentia,Microtus_pennsylvanicus,0,0,0,0,0,0,0,0,36.79999842,13.00000143,20.98939884,21.39001061,2.500000002,13.13999999,10.64,5.155000005,2.699999999,NA,2106
Rodentia,Microtus_pinetorum,1,0,0,0,1,1,0,1,26.39999837,20.0000002,21.97859873,26.05001634,2.3,9.550000009,7.250000007,2.789999998,2.500000002,2.799999998,273
Primates,Miopithecus_talapoin,0,0,0,0,0,0,1,0,1217.5,178.9800001,164.38,364.9999996,179.0399999,416.4600002,237.4200002,1.010000001,0.986301369,30.89999997,106
Carnivora,Mirounga_angurostris,0,0,0,0,0,0,0,0,NA,26.40000001,253.5000002,NA,35249.99997,138037.1401,102787.14,1,1,NA,484
Carnivora,Mirounga_leonina,0,0,0,0,0,0,0,0,636333.3338,22.93000001,243.3299999,364.9999996,39392.96997,114129.3101,74736.34005,1,0.986301369,NA,856
Primates,Mirza_coquereli,0,0,0,0,0,0,0,0,301.0000031,135.9999999,88.58000001,364.9999996,12.92000001,NA,NA,1.709999998,0.986301369,15.30000001,38
Didelphimorphia,Monodelphis_domestica,0,0,0,0,0,0,0,0,84.99999497,52.49999959,14.48771854,52.49996332,0.0985,21.00000001,20.90149998,7.599999995,3.999999997,5.999999995,1929
Cetacea,Monodon_monoceros,0,0,0,0,0,0,0,0,907199.9132,608.3333136,440.5548635,912.5002666,80000,NA,NA,1,0.41,39.99999997,410
Carnivora,Mungos_mungo,1,1,0,0,0,0,1,0,1229.999999,20.87999998,60.91000007,364.9999996,24.2,NA,NA,2.68,2.500000002,12,143
Artiodactyla,Muntiacus_muntjak,0,0,0,0,0,0,0,0,14996.84836,NA,210.0000001,241.0000002,1371.389999,NA,NA,1,1.493775933,18.79999999,578
Rodentia,Mus_musculus,0,0,0,0,0,0,1,0,17.09999998,21.5,19.59999998,NA,1.059999999,10,8.940000004,5.540000003,4.500000002,5.999999995,34578
Carnivora,Mustela_erminea,0,0,0,0,0,0,0,0,416.5000002,34.99999643,76.55966069,365.0001139,2.349999999,25.21999999,22.87000002,7,0.986301063,12.5,1056
Carnivora,Mustela_eversmannii,0,0,0,0,0,0,0,0,1349.999998,42.00000093,39.53666201,365.0001139,4.999999996,NA,NA,6.800000005,0.986301063,NA,46
Carnivora,Mustela_frenata,0,0,0,0,0,0,0,0,153.3750001,35.50000384,69.9841996,365.0001139,3.100000001,28.61999997,25.52,7,0.986301063,8.799999997,184
Carnivora,Mustela_nivalis,0,0,0,0,0,0,0,0,57.03124994,41.75000194,38.4591782,182.5000551,2.000000002,45.63000002,43.63,5.725,1,9.099999993,702
Carnivora,Mustela_putorius,0,0,0,0,0,0,0,0,744.4999998,54.39000002,41.49000002,252.4999997,9.499999994,NA,NA,8.479999995,1,14.00000001,1777
Rodentia,Myocastor_coypus,0,0,0,0,0,0,0,0,5409.000231,53.90000432,131.5224832,131.5000748,203.9999998,1750.000001,1546.000001,5.35,2.58,10,706
Rodentia,Myoprocta_acouchy,0,0,0,0,0,0,0,0,919.9999993,26.18999997,98.42999998,NA,75.23000003,349.9900002,274.7600002,1.969999999,NA,14.79999999,17
Rodentia,Myopus_schisticolor,0,0,0,0,0,0,0,0,23.49999999,19.85999999,23.74000002,25.00000002,3.199999998,13.03999999,9.83999999,5.249999995,2.000000002,1,169
Chiroptera,Myotis_daubentonii,0,0,0,0,0,0,0,0,7.031659332,35.32999996,55.14000003,NA,2.000000002,5.489999994,3.49,1.209999999,1,15,475
Chiroptera,Myotis_lucifugus,0,0,0,0,0,0,0,0,7.654155694,26,59.78999994,NA,2.180000002,6.789999996,4.609999996,1,1,34,1936
Chiroptera,Myotis_myotis,0,0,0,0,0,0,0,0,21.90000001,41.99000004,72.99999998,NA,5.999999995,23.10000001,17.09999998,1.5,1,18,934
Chiroptera,Myotis_thysanodes,0,0,0,0,0,0,0,0,8.517499995,22.69000001,53.54999998,NA,2.529999999,6.319999996,3.79,0.990000001,1,18.30000001,118
Chiroptera,Myotis_velifer,0,0,0,0,0,0,0,0,7.899999995,43.00000004,63.77,NA,3.089999997,8.590000003,5.499999994,0.990000001,1,11.29999999,154
Carnivora,Nandinia_binotata,0,0,0,0,0,0,0,0,1899.999996,64.00000383,63.97348355,182.5000551,56,NA,NA,1.750000001,1.972602145,15.8,39
Primates,Nasalis_larvatus,0,0,0,0,0,0,1,0,9820.000276,212.9166871,165.9586907,547.4998443,452.0000002,2000.000002,1547.999999,1,0.657534434,21.00000001,206
Soricomorpha,Neomys_fodiens,0,0,0,0,0,0,0,0,15.42999907,34.14999937,21.0862815,58.99999842,0.780000001,10,9.219999999,6.439999995,2.000000002,3.100000001,483
Cetacea,Neophocaena_phocaenoides,0,0,0,0,0,0,0,0,32500,319.3699998,319.0099999,729.9999998,6657.529998,24499.99998,17842.46999,0.969999999,0.493150685,23,428
Rodentia,Neotoma_albigula,0,0,0,0,0,0,0,0,194.9499823,36.99999795,36.98281798,48.99999097,11.59999999,103.3000001,91.70000007,2.165000002,2.000000002,7.699999997,217
Rodentia,Neotoma_cinerea,0,0,0,0,0,0,0,0,NA,26.35000003,29.69000003,30.00000002,14.4,93.35999999,78.96000006,3.449999999,1.5,NA,139
Rodentia,Neotoma_floridana,0,0,0,0,0,0,0,0,216.0000243,28.50000262,34.67368505,82.99998235,14.00000001,45.90000005,31.9,3.199999998,2.500000002,8.599999995,244
Rodentia,Neotoma_fuscipes,0,0,0,0,0,0,0,0,150.9857143,27.49000001,33.21000003,NA,13.15000001,NA,NA,2.789999998,1.750000001,NA,196
Rodentia,Neotoma_lepida,0,0,0,0,0,0,0,0,138.1000068,27.99999798,33.0369541,59.99996541,9.550000009,34.94000003,25.39000001,2.640000001,3.499999997,10.5,227
Rodentia,Neotoma_macrotis,0,0,0,0,0,0,0,0,NA,NA,NA,NA,NA,NA,NA,NA,NA,NA,16
Rodentia,Neotoma_micropus,0,0,0,0,0,0,0,0,284.8500001,29.82999998,34,NA,11.70000001,NA,NA,2.500000002,2.000000002,NA,160
Rodentia,Neotoma_stephensi,0,0,0,0,0,0,0,0,124.8999999,38.49999738,30.97419299,129.9998945,10.59999999,34.98999996,24.38999998,1,1.9,NA,60
Carnivora,Neovison_vison,0,0,0,0,0,0,0,0,605.0000353,NA,NA,NA,NA,NA,NA,NA,NA,10,976
Dasyuromorphia,Ningaui_ridei,0,0,0,0,0,0,0,0,8.499999497,91.00000161,13.48962883,365.0001139,0.005,0.7,0.695000001,5.999999995,2.000000002,NA,17
Chiroptera,Nyctalus_noctula,0,0,0,0,0,0,0,0,29.35000003,47.89,72.23999995,NA,5.569999998,20.21000002,14.64000001,1.33,1,8,520
Carnivora,Nyctereutes_procyonoides,1,1,1,1,0,0,0,1,4684.999998,52.49999959,61.65950019,365.0001139,87.69999993,734.8399992,647.1400006,4.999999996,0.986301063,11,1013
Primates,Nycticebus_coucang,0,0,0,0,0,0,0,0,713.9999806,228.1250096,192.3091729,428.8752656,50.79999997,520.0000004,469.1999995,1,0.839404902,26.5,378
Primates,Nycticebus_pygmaeus,0,0,0,0,0,0,0,0,NA,NA,185.4200001,NA,19.88999999,NA,NA,1.750000001,NA,17.09999998,116
Lagomorpha,Ochotona_curzoniae,1,0,0,0,0,1,0,0,NA,NA,22.49999999,NA,11.20000001,NA,NA,4.389999998,3.499999997,NA,320
Lagomorpha,Ochotona_princeps,0,0,0,0,0,0,0,0,162.750001,29.00000014,30.26913428,30.41669339,11,88.48999998,77.49000002,2.900000001,2.000000002,7,285
Rodentia,Octodon_degus,1,0,0,0,1,1,1,0,195.0999998,31.11999998,90.59000007,NA,14.18999999,71.12000001,56.93000002,5.309999999,2.000000002,7.100000005,1088
Artiodactyla,Odocoileus_hemionus,0,0,0,0,0,0,0,0,68500.0045,82.37499476,204.1737945,365.0001139,3014.999997,23900,20885.00002,1.714999999,0.986301063,22.00000001,6582
Artiodactyla,Odocoileus_virginianus,0,0,0,0,0,0,0,0,49500.00012,119.9999873,200.9092813,304.1669339,2924.999997,29985.81001,27060.81,1.589999999,1.183560605,23,16581
Rodentia,Ondatra_zibethicus,1,1,0,0,0,0,0,1,1329.999875,29.00000014,27.73320105,29.9999824,22.49999999,153.6999998,131.2,6.175000001,2.430000002,10,1305
Rodentia,Onychomys_leucogaster,1,1,0,0,0,0,0,1,32.50000292,23.50000204,31.76874071,31.50003236,2.3,13.10000001,10.79999999,3.650000005,3.800000003,5.6,259
Rodentia,Onychomys_torridus,1,0,0,0,1,1,0,0,22.39999905,18.99999996,28.24879975,29.70831362,2.339999998,9.189999992,6.850000008,2.95,2.500000002,4.600000003,113
Artiodactyla,Oreamnos_americanus,0,0,0,0,0,0,0,0,59250.00618,91.25000565,184.0772001,365.0001139,3190,NA,NA,1.25,0.986301063,18,390
Lagomorpha,Oryctolagus_cuniculus,0,0,0,0,0,0,0,0,1438.499999,26.50000159,30.4789499,29.00000014,39.74499997,211.0600001,171.3150002,4.799999996,4.500000002,18,11435
Carnivora,Otocyon_megalotis,1,1,1,0,1,0,1,1,4073.749996,29.20833493,67.45280277,182.5000551,120.7,NA,NA,4.500000002,2.000000002,13.79999999,118
Primates,Otolemur_crassicaudatus,0,0,0,0,0,0,0,0,1160.000029,112.624999,132.1295634,241.9997961,46.00000003,499.9899996,453.9900002,1.354999999,1.48760456,22.69999999,115
Primates,Otolemur_garnettii,0,0,0,0,0,0,0,0,730.6999994,139.1999999,132.2400001,215.9499998,49.21,NA,NA,1.020000001,1.667052557,15,212
Artiodactyla,Ovibos_moschatus,0,0,0,0,0,0,0,0,227000.0224,258.5416404,256.4484037,547.4998443,10500,62467.43995,51967.43996,1,0.657534434,24.00000002,707
Artiodactyla,Ovis_ammon,0,0,0,0,0,0,0,0,64000.00383,121.6666639,167.1090614,365.0001139,3387.500001,NA,NA,1.5,0.986301063,12.99999999,460
Artiodactyla,Ovis_aries,0,0,0,0,0,0,0,0,27000.00223,182.5000131,152.054753,365.0001139,2523.000003,17500.00001,14977.00001,1.080000001,0.986301063,22.8,513677
Artiodactyla,Ovis_canadensis,0,0,0,0,0,0,0,0,63800.00313,151.0416774,177.4189481,365.0001139,4065.999997,23431.71002,19365.71,1,0.986301063,24.00000002,1892
Artiodactyla,Ovis_dalli,0,0,0,0,0,0,0,0,48799.99753,129.2708189,172.5837892,365.0001139,3400,NA,NA,1,0.986301063,19.59999998,246
Carnivora,Pagophilus_groenlandicus,0,0,0,0,0,0,0,0,74999.99993,11.45000001,242.9000001,364.9999996,10048.20001,31199.34999,21151.14999,1,0.986301369,NA,828
Primates,Pan_paniscus,0,0,0,0,0,0,0,0,32066.66664,1081.309999,235.2400001,1715.499998,1399.529999,8142.689998,6743.160006,1.010000001,0.209851355,54.99999994,2320
Primates,Pan_troglodytes,0,0,0,0,0,0,1,0,40499.99784,730.000067,231.206479,1551.250734,1742.000001,8499.990004,6757.990003,1.059999999,0.232070801,59.99999995,23470
Carnivora,Panthera_leo,0,0,0,0,0,0,1,0,135499.9999,220.5208206,107.8946722,653.9582154,1297,NA,NA,2.535000002,2.000000002,30.00000002,18929
Carnivora,Panthera_onca,0,0,0,0,0,0,0,0,77599.99995,60.83333136,100.6931669,365.0001139,644.5000005,NA,NA,2.500000002,0.986301063,22.00000001,1541
Carnivora,Panthera_pardus,0,0,0,0,0,0,0,0,39300.00449,110.1249946,95.4992586,476.3761388,549.3,NA,NA,1.985,1,27.3,12644
Carnivora,Panthera_tigris,0,0,0,0,0,0,0,0,131000.0001,159.687492,104.9542429,821.2492766,1320.7,11003,9682.300003,2.540000002,1,25.00000002,27113
Primates,Papio_anubis,0,0,0,0,0,0,1,0,12742.25001,596.6,178.96,752.8099992,947.3100004,3640.260004,2692.95,1.010000001,0.478208312,25.20000001,5315
Primates,Papio_cynocephalus,0,0,0,0,0,0,1,0,12800.00089,450.4199997,172.9900001,669.1599992,709.8800006,2780.609998,2070.729998,1.010000001,0.537987925,45.00000002,2135
Primates,Papio_hamadryas,0,0,0,0,0,0,1,0,12368.84212,212.9166871,176.1976046,684.3747849,850.0000006,3299.789999,2449.789997,1,0.526027563,37.50000002,2015
Peramelemorphia,Perameles_gunnii,0,0,0,0,0,0,0,0,750.0000632,58.50000457,12.5025903,64.99994662,0.225,125.1899999,124.9650001,2.314999998,3.800000003,6.1,119
Peramelemorphia,Perameles_nasuta,0,0,0,0,0,0,0,0,859.0000715,65.00000649,12.24616199,53.00001591,0.24,106.0600001,105.82,2.500000002,6.792450794,5.6,149
Primates,Perodicticus_potto,0,0,0,0,0,0,0,0,1017.499958,113.020832,194.0885878,281.3539392,37.30000002,NA,NA,1.2,1.279527137,26.8,182
Rodentia,Peromyscus_californicus,1,0,0,1,1,1,0,1,35.20000296,30.00000313,27.79713268,23.99998664,4.309999998,17.61,13.3,1.885000002,4.37,5.499999994,477
Rodentia,Peromyscus_crinitus,0,0,0,0,0,0,0,0,12.59999869,23.90999999,25.33000001,26,2.190000001,14.09,11.89999999,3.080000004,2.05,7.699999997,82
Rodentia,Peromyscus_eremicus,1,0,0,0,1,1,0,1,20.65000209,21.00000025,26.97739432,38.50002398,2.500000002,NA,NA,2.574999998,3.000000002,7.400000005,238
Rodentia,Peromyscus_gossypinus,0,0,0,0,0,0,0,0,27.41574172,22.33,23,NA,2.190000001,NA,NA,3.699999999,3.999999997,NA,215
Rodentia,Peromyscus_leucopus,1,0,0,0,1,0,0,0,16.89999982,22.00000097,23.06747189,26.60002226,1.795,8.940000004,7.144999998,4.28,4.500000002,7.899999995,5847
Rodentia,Peromyscus_mexicanus,1,0,0,0,1,1,0,1,53.40000528,23.99999769,32.50872974,33.2999821,4.399999995,NA,NA,2.65,7.400000005,NA,43
Rodentia,Peromyscus_polionotus,1,0,0,0,1,1,0,1,12.59999869,24.50000088,23.49632821,24.25001435,1.600000001,5.929999995,4.329999996,3.640000003,2.000000002,5.499999994,374
Chiroptera,Peropteryx_kappleri,0,0,0,0,0,0,0,0,10.605,79.81999992,137.9600001,NA,1.09,6.740000007,5.650000002,1,2.019999998,NA,20
Diprotodontia,Petaurus_breviceps,0,0,0,0,0,0,0,0,111.9999942,115.5000042,16.48162392,310.9997214,0.19,49.28999998,49.09999999,1.864999999,1.299999999,17.79999999,284
Diprotodontia,Petrogale_xanthopus,0,0,0,0,0,0,0,1,6999.999355,343.9999663,31.76874071,195.9999678,0.484,1581.13,1580.646001,1.030000001,1.836734997,14.4,78
Diprotodontia,Petropseudes_dahli,1,0,0,0,1,0,0,1,NA,NA,NA,NA,NA,NA,NA,1,NA,NA,4
Primates,Phaner_furcifer,0,0,0,0,0,0,0,1,NA,NA,174.4599999,NA,NA,NA,NA,1.010000001,NA,25.00000002,60
Diprotodontia,Phascolarctos_cinereus,0,0,0,0,0,0,0,0,6029.999831,349.7916999,34.27677865,374.0003426,0.36,1154.999999,1154.640001,1,1,22.10000002,1541
Carnivora,Phoca_vitulina,0,0,0,0,0,0,0,0,75000.00632,29.00000014,289.0679882,365.0001139,10300.00001,21815.73,11515.73001,1,0.986301063,47.60000003,6291
Cetacea,Phocoena_phocoena,0,0,0,0,0,0,0,0,52499.99995,258.0900002,333.2800003,364.9999996,8892.16001,NA,NA,0.980000001,0.870000001,12.99999999,1895
Rodentia,Phodopus_sungorus,0,0,0,0,0,0,0,0,NA,20.00000002,21.00000001,24.00000002,2.039999998,13.72999999,11.69,5.479999994,3.000000002,3.199999998,5022
Chiroptera,Phyllostomus_hastatus,0,0,0,0,0,0,0,0,81.95000002,72.82000007,123.3899999,NA,15.94,59.09,43.14999999,0.990000001,1,18,228
Cetacea,Physeter_catodon,0,0,0,0,0,0,0,0,14061598.71,395.4166933,476.4309868,1277.500268,914000.0006,NA,NA,1,0.25,76.99999997,9361
Cetacea,Physeter_macrocephalus,0,0,0,0,0,0,0,0,113400.0001,729.9999998,495.0000001,NA,NA,100000,NA,1,NA,70,9361
Chiroptera,Pipistrellus_ceylonicus,0,0,0,0,0,0,0,0,6.500000005,27.50000001,52.31999996,NA,1.26,4.19,2.929999998,1.979999999,1,NA,26
Chiroptera,Pipistrellus_pipistrellus,0,0,0,0,0,0,0,0,5.893120779,33.44000002,43.99999995,NA,1.280000001,3.889999997,2.609999998,1.37,1,8.999999991,925
Chiroptera,Pipistrellus_savii,0,0,0,0,0,0,0,0,6.249999995,NA,NA,NA,NA,4.35,NA,NA,NA,NA,63
Chiroptera,Pipistrellus_subflavus,0,0,0,0,0,0,0,0,6.700000005,31.21000002,45.70999997,NA,1.26,4.58,3.320000002,1.959999998,1,14.79999999,289
Chiroptera,Pipistrellus_tenuis,0,0,0,0,0,0,0,0,NA,44.8,61.26999995,NA,0.53,1.5,0.969999999,1.920000001,3.000000002,NA,18
Dasyuromorphia,Planigale_gilesi,0,0,0,0,0,0,0,0,6.900000147,75.00000632,15.73982864,340.9997024,0.0097,4.929999997,4.920299996,6.1,2.000000002,NA,34
Chiroptera,Plecotus_auritus,0,0,0,0,0,0,0,0,7.899999995,42.09000002,65.12000002,NA,2.089999999,5.700000004,3.610000001,1.220000001,1,12,698
Rodentia,Podomys_floridanus,0,0,0,0,0,0,0,0,34.60000002,24.80999998,NA,33.00000001,2.39,12.5,10.11000001,2.6,10.90909091,7.400000005,26
Carnivora,Poecilogale_albinucha,0,0,0,0,0,0,0,0,256.500018,76.99999554,31.84197522,243.3335544,3.999999997,NA,NA,2.249999999,1.5,NA,17
Rodentia,Pogonomys_loriae,0,0,0,0,0,0,0,0,84.69999994,NA,NA,NA,NA,NA,NA,2.68,NA,NA,3
Rodentia,Pogonomys_macrourus,0,0,0,0,0,0,0,0,49,NA,NA,NA,NA,NA,NA,2.810000001,NA,3.100000001,6
Primates,Pongo_abelii,0,0,0,0,0,0,0,0,38017.80003,NA,NA,NA,NA,NA,NA,NA,NA,NA,377
Primates,Pongo_pygmaeus,0,0,0,0,0,0,0,0,36999.99795,1094.999952,260.0159563,1825.000551,1643.999999,10537.59,8893.589993,1.5,0.197260214,59.00000005,5282
Diprotodontia,Potorous_tridactylus,0,0,0,0,0,0,0,0,852.0000103,153.9999926,31.76874071,133.00011,0.315,203.4599999,203.1450002,1,2.000000002,12,337
Carnivora,Potos_flavus,0,0,0,0,0,0,0,0,2000.000002,108.9270896,115.6112242,365.0001139,171.8499998,NA,NA,1,1,29.00000001,165
Rodentia,Praomys_jacksoni,0,0,0,0,0,0,0,0,NA,30.00000002,35.48999997,NA,NA,20.00000002,NA,3.669999998,NA,NA,47
Rodentia,Praomys_tullbergi,0,0,0,0,0,0,0,0,34.89999783,24.50000088,23.76840287,23.99998664,2.699999999,10.5,7.800000006,3.600000002,3.999999997,5.200000004,59
Hyracoidea,Procavia_capensis,0,0,0,0,0,0,0,0,3599.999994,91.25000565,224.9054606,365.0001139,203.5000002,499.9899996,296.4899999,2.535000002,1,14.79999999,394
Carnivora,Procyon_lotor,0,0,0,0,0,0,0,0,6319.999996,105.0000002,64.71426157,365.0001139,82.50000009,1095.44,1012.939999,3.325000003,1,21.00000001,9657
Primates,Propithecus_verreauxi,0,0,0,0,0,0,1,0,3512.499734,166.0416728,140.6047524,547.4998443,103.0999999,NA,NA,1,1,31.00000001,500
Dasyuromorphia,Pseudantechinus_macdonnellensis,0,0,0,0,0,0,0,0,30.00000313,102.2291618,44.97798549,365.0001139,0.01215,NA,NA,5.890000003,1,7,25
Rodentia,Pseudomys_novaehollandiae,0,0,0,0,0,0,0,0,15.00000141,25.19999763,31.26079367,33.50001488,1.849999998,NA,NA,4.28,3.999999997,NA,71
Chiroptera,Pteropus_giganteus,0,0,0,0,0,0,0,0,899.4975815,152.08,166.5899999,NA,90.32000002,NA,NA,0.990000001,1,31.39999999,233
Carnivora,Puma_concolor,0,0,0,0,0,0,0,0,39600.00128,31.50000335,92.04495718,577.9163748,410.0000003,3499.990004,3089.99,2.900000001,0.749999999,23.8,1366
Carnivora,Pusa_caspica,0,0,0,0,0,0,0,0,89499.99272,31.31999997,334.5800001,364.9999996,4182.599999,13948.95001,9766.349996,1,0.986301369,NA,103
Carnivora,Pusa_hispida,0,0,0,0,0,0,0,0,128999.9999,45.23000003,269.9999999,364.9999996,4500.000002,14000.00001,9499.999994,1,0.986301369,46.00000003,899
Carnivora,Pusa_sibirica,0,0,0,0,0,0,0,0,92900,66.10999998,277.6299999,364.9999996,3049.999998,NA,NA,1,0.986301369,56,199
Artiodactyla,Rangifer_tarandus,0,0,0,0,0,0,1,0,93799.99171,136.8749899,216.7704105,365.0001139,5560.000005,24907.05002,19347.05,1,0.986301063,21.80000002,12844
Artiodactyla,Raphicerus_campestris,0,0,0,0,0,0,0,1,10500.00002,91.25000565,209.8939884,218.9999421,919.9999993,NA,NA,1,1.643836052,9.30000001,121
Rodentia,Rattus_norvegicus,0,0,0,0,0,0,1,0,247.7422058,25.36999999,21.74000001,NA,5.800000006,53.07000005,47.26999997,8.990000006,3.499999997,3.800000003,22149
Rodentia,Rattus_rattus,0,0,0,0,0,0,0,0,171.1499986,27.99999798,21.97859873,31.24999844,4.550000004,37.00999999,32.45999996,5.540000003,3.750000002,4.199999996,8165
Rodentia,Reithrodontomys_megalotis,0,0,0,0,0,0,0,0,12.59999869,20.0000002,23.49632821,27.59999478,1.374999999,NA,NA,3.834999997,4.500000002,NA,318
Rodentia,Rhabdomys_pumilio,1,0,0,0,1,1,0,0,41.00000003,14.00000001,25.44,29.07000002,2.500000002,8.430000007,5.929999995,5.280000006,7,2.900000001,318
Chiroptera,Rhynchonycteris_naso,0,0,0,0,0,0,0,0,21.29999998,70.86,NA,NA,0.980000001,NA,NA,0.990000001,2.000000002,NA,27
Artiodactyla,Rucervus_eldii,0,0,0,0,0,0,0,0,66999.99958,220.2600001,240.1899999,382.6999998,4674.979997,NA,NA,1.010000001,0.94068461,20.5,106
Artiodactyla,Rupicapra_rupicapra,0,0,0,0,0,0,0,0,29000.00014,76.04166193,169.8243652,365.0001139,2249.999999,NA,NA,1,0.986301063,20.00000002,1121
Artiodactyla,Rusa_unicolor,0,0,0,0,0,0,0,0,145881.426,NA,245.9999999,NA,10270.00001,NA,NA,1,NA,26.40000001,184
Rodentia,Saccostomus_campestris,0,0,0,0,0,0,0,0,50.59999804,30.00000313,20.84490883,51.80002866,2.6,NA,NA,7.499999993,6.949803109,4.500000002,136
Primates,Saguinus_bicolor,1,0,0,1,0,0,1,1,430.0000004,NA,158.1599999,NA,NA,NA,NA,2.000000002,NA,19,42
Primates,Saguinus_midas,1,0,0,1,1,0,1,1,524.5999997,69.60000006,138.24,206.83,39.78000002,NA,NA,2.019999998,1.740559881,21.00000001,140
Primates,Saguinus_mystax,1,0,0,1,1,0,1,1,549.5000003,NA,148.2799999,168.4999999,46.64999999,NA,NA,1.93,2.136498518,20.00000002,323
Primates,Saguinus_nigricollis,1,0,0,1,1,0,1,1,NA,82.52999998,NA,NA,43.58000001,175.0000001,131.42,1.82,NA,15.2,91
Primates,Saguinus_oedipus,1,1,0,1,0,0,1,1,424.9999706,49.9999995,167.8804018,238.0000235,38.20000001,105,66.79999993,1.82,1.512604893,26.19999998,1610
Primates,Saimiri_sciureus,0,0,0,0,0,0,1,0,675.0000422,177.0000137,167.1090614,365.0001139,106.95,418.0000002,311.0500002,1,0.986301063,26.99999999,8334
Primates,Semnopithecus_entellus,0,0,0,0,0,0,0,0,10590.00097,410.6250124,192.7524913,477.5413689,499.9999996,2100.000001,1600.000001,1.25,0.75386139,29.00000001,166
Diprotodontia,Setonix_brachyurus,0,0,0,0,0,0,0,0,3250.000292,440.0000238,25.64484037,344.9999245,0.3825,499.9899996,499.6074997,1,1.400000001,10,437
Rodentia,Sigmodon_hispidus,0,0,0,0,0,0,0,0,116.1125,15.28999999,26.99999999,NA,6.600000007,18.2,11.59999999,5.440000004,2.000000002,5.200000004,1380
Dasyuromorphia,Sminthopsis_crassicaudata,0,0,0,0,0,0,0,0,15.00000141,66.99999958,14.96235656,97.00005935,0.01,6.500000005,6.490000003,7.299999998,2.000000002,1.5,391
Dasyuromorphia,Sminthopsis_macroura,0,0,0,0,0,0,0,0,20.0000002,69.99999355,11.74897555,182.9999622,0.01225,7,6.987750002,6.500000005,2.000000002,4.9,216
Soricomorpha,Sorex_araneus,0,0,0,0,0,0,0,0,9.900000123,23.69999749,20.98939884,44.56254646,0.435,8.359999992,7.925000002,6.674999999,2.000000002,3.199999998,1827
Cetacea,Sotalia_fluviatilis,0,0,0,0,0,0,0,0,46500.00001,NA,310.2499999,NA,NA,NA,NA,0.969999999,NA,NA,59
Rodentia,Spermophilus_beecheyi,0,0,0,0,0,0,0,0,550.9750005,52.59999998,28.37000001,NA,9.29,66.18000003,56.89000003,6.709999997,1,NA,122
Rodentia,Spermophilus_beldingi,0,0,0,0,0,0,0,0,233,24.49999998,26.18999997,NA,6.860000005,59.50000004,52.64000005,5.709999997,1,NA,44
Rodentia,Spermophilus_columbianus,0,0,0,0,0,0,0,0,406.0000004,32.19000002,24.09,NA,9.579999998,108.57,98.98999994,3.54,1,NA,77
Rodentia,Spermophilus_parryii,0,0,0,0,0,0,0,0,728.9999995,27.99999998,25.16000001,NA,11,NA,NA,6.500000005,1,NA,121
Cetacea,Stenella_attenuata,0,0,0,0,0,0,0,0,59999.99995,340.6599999,345.1900001,1883.549999,10000,NA,NA,0.990000001,0.191128454,49.99999996,86
Soricomorpha,Suncus_murinus,0,0,0,0,0,0,0,0,37.89999913,18.49999879,30.1995172,56.19995916,2.500000002,25.87000002,23.36999998,3.244999999,9.800000007,3.199999998,1604
Carnivora,Suricata_suricatta,1,1,0,0,0,0,1,1,719.9999993,55.68000005,76.99999997,364.9999996,30.49999998,225.4999999,194.9999998,3.860000003,1,12.5,428
Artiodactyla,Sus_scrofa,0,0,0,0,0,0,1,0,75162.2894,97.88000007,115.2,230,807.7700005,6469.989994,5662.219994,4.520000002,1.5,21.00000001,27266
Artiodactyla,Sylvicapra_grimmia,0,0,0,0,0,0,0,0,16800.00071,72.23957795,146.5547841,246.5000434,1592.5,4955.54,3363.040001,1,2.000000002,14.29999998,155
Lagomorpha,Sylvilagus_floridanus,0,0,0,0,0,0,0,0,1066.500099,22.49999906,26.97739432,30.45832385,34.15,112.0000001,77.85000002,4.9,4.809999996,9.800000007,599
Primates,Symphalangus_syndactylus,1,0,0,1,0,0,0,1,10534,635.3799995,230.6600002,1003.749999,516.9999999,NA,NA,1.020000001,0.358655043,NA,449
Artiodactyla,Syncerus_caffer,0,0,0,0,0,0,1,0,553499.9679,326.9791797,337.2873087,638.7501277,39850.00002,151878.3999,112028.3999,1,1,29.5,1205
Rodentia,Tachyoryctes_splendens,0,0,0,0,0,0,0,0,218.0000032,42.49999706,43.45102242,172.9999589,15,NA,NA,1.649999999,2.000000002,NA,57
Soricomorpha,Talpa_europaea,0,0,0,0,0,0,0,0,75.6832895,32.48999997,30.40999999,NA,3.239999998,51.49000002,48.25000004,3.889999997,1,NA,589
Rodentia,Tamias_amoenus,0,0,0,0,0,0,0,0,53.37666668,41.99000004,30.46,364.9999996,2.619999998,NA,NA,4.990000004,1,NA,159
Rodentia,Tamias_minimus,0,0,0,0,0,0,0,0,47.94999873,40.49999784,28.97343588,365.0001139,2.3,NA,NA,4.999999996,1,10,81
Rodentia,Tamias_striatus,0,0,0,0,0,0,0,0,112.9666666,NA,NA,NA,NA,NA,NA,NA,NA,8,679
Rodentia,Tamiasciurus_hudsonicus,0,0,0,0,0,0,0,0,187.9333334,67.21999998,34.25000001,NA,6.890000001,96.81999993,89.92999991,3.929999997,1.750000001,9.800000007,669
Perissodactyla,Tapirus_indicus,0,0,0,0,0,0,0,0,224905.4606,211.7099999,396.5000003,657.0000007,6848.350003,NA,NA,1,0.5,30.00000002,111
Diprotodontia,Tarsipes_rostratus,0,0,0,0,0,0,0,0,15.00000141,84.99999497,43.95416154,122.0000476,0.00415,4.309999998,4.305850005,2.799999998,3.000000002,NA,128
Primates,Tarsius_bancanus,0,0,0,0,0,0,0,0,279.2543841,78.54999993,125.8400001,240.2899998,23.93000002,NA,NA,1,1.498189686,8,131
Rodentia,Tatera_indica,0,0,0,0,0,0,0,0,125.5999886,30.00000313,28.18382931,47.60998011,3.000000002,NA,NA,4.780000004,3.750000002,7,357
Artiodactyla,Taurotragus_oryx,0,0,0,0,0,0,0,0,413299.995,182.5000131,271.0191632,337.0000769,32650.00003,96495.55004,63845.54992,1,1.068249015,23.6,348
Carnivora,Taxidea_taxus,0,0,0,0,0,0,0,0,6385.000006,49.00000225,76.03262769,365.0001139,93.50000003,NA,NA,4.500000002,0.986301063,26,307
Primates,Theropithecus_gelada,0,0,0,0,0,0,0,0,12436.28571,494.9500005,178.64,766.4999997,464.9199999,3736.050002,3271.13,1.010000001,0.469667319,36.00000002,505
Diprotodontia,Thylogale_billardierii,0,0,0,0,0,0,0,0,3899.999937,290.0000014,29.99162519,284.4998226,0.41,1727.450001,1727.039998,1,1,8.799999997,111
Primates,Trachypithecus_cristatus,0,0,0,0,0,0,0,0,6572.000004,362.9300002,NA,NA,NA,NA,NA,1.010000001,NA,28.30000003,57
Primates,Trachypithecus_phayrei,0,0,0,0,0,0,0,0,NA,305.8699999,180.6100002,456.2499995,NA,NA,NA,1,0.789041095,28.30000003,107
Artiodactyla,Tragelaphus_angasii,0,0,0,0,0,0,0,0,62000.0015,212.9166871,219.7859873,296.9996927,5600,NA,NA,1,1.212122467,16.00000001,198
Artiodactyla,Tragelaphus_strepsiceros,0,0,0,0,0,0,0,0,169250.0088,182.5000131,221.309471,365.0001139,15650,NA,NA,1,0.986301063,23,414
Artiodactyla,Tragulus_napu,0,0,0,0,0,0,0,0,5899.999842,91.25000565,155.9552503,153.4998658,373.0000002,NA,NA,1,1,14.00000001,42
Diprotodontia,Trichosurus_vulpecula,0,0,0,0,0,0,0,0,2399.999769,188.9999982,17.29816359,273.8747537,0.205,675.2700002,675.0650004,1,1.5,15.89999999,5403
Scandentia,Tupaia_glis,0,0,0,0,0,0,0,0,147.4999931,35.99999994,45.49880602,45.29997893,12.75000001,100,87.25000007,2.500000002,2.500000002,12.4,634
Scandentia,Tupaia_tana,0,0,0,0,0,0,0,0,NA,54.56000004,NA,NA,NA,NA,NA,2.509999997,NA,11.59999999,47
Cetacea,Tursiops_truncatus,0,0,0,0,0,0,0,0,175000.0001,544.4000006,364.9999996,747.4800001,24369.60001,NA,NA,0.980000001,0.481618237,34.99999997,8581
Rodentia,Uranomys_ruddi,0,0,0,0,0,0,0,0,29.89999998,NA,NA,NA,NA,NA,NA,4.069999998,NA,NA,22
Carnivora,Urocyon_cinereoargenteus,1,1,0,0,0,0,0,1,3299.999697,84.0000027,59.97910763,365.0001139,103.7499999,NA,NA,2.500000002,0.986301063,16.20000002,480
Carnivora,Urocyon_littoralis,1,1,0,0,0,0,0,0,1896,NA,53.70000004,364.9999996,100,NA,NA,2.170000001,0.986301369,NA,152
Carnivora,Ursus_americanus,0,0,0,0,0,0,0,0,96999.99994,168.0000071,213.796209,775.6253593,293.9999997,NA,NA,2.3,0.464141606,31.99999998,1595
Carnivora,Ursus_arctos,0,0,0,0,0,0,0,0,111857.1428,182.5000131,221.819642,912.5002666,499.9999996,26000,25499.99997,2.23,0.394520433,49.99999996,5990
Carnivora,Ursus_maritimus,0,0,0,0,0,0,0,0,272499.9959,212.9166871,241.5460834,831.6795063,670.4999997,8500.000006,7829.499992,1.769999999,0.432859049,38.20000001,2021
Carnivora,Ursus_thibetanus,0,0,0,0,0,0,0,0,77499.99955,98.85417136,196.3360277,365.0001139,366.2499997,NA,NA,1.5,0.986301063,33.00000001,388
Primates,Varecia_rubra,0,0,0,0,0,0,0,0,3291.571429,NA,NA,NA,NA,NA,NA,NA,NA,NA,76
Primates,Varecia_variegata,0,0,0,0,0,0,1,0,3520.000296,135.0000098,102.0939484,365.0001139,90.44999996,NA,NA,2.469999999,NA,36.99999999,430
Artiodactyla,Vicugna_vicugna,0,0,0,0,0,0,0,0,37497.30022,309.89,345.45,547.5000006,6082.920002,NA,NA,1,1,24.80000001,391
Carnivora,Vulpes_bengalensis,1,1,1,0,0,0,1,1,1800,NA,52.33000003,364.9999996,58.48999995,NA,NA,3.49,0.986301369,NA,41
Carnivora,Vulpes_lagopus,1,1,1,0,0,0,1,1,3220.000002,49.50000001,52.99000006,364.9999996,69.17000005,NA,NA,7.649999997,0.986301369,15,947
Carnivora,Vulpes_vulpes,1,1,1,0,0,0,1,1,3900,49.00000225,52.2396189,365.0001139,100.2499999,1487.48,1387.229999,4.475000004,0.986301063,21.29999998,11379
Diprotodontia,Wallabia_bicolor,0,0,0,0,0,0,0,0,12999.99999,449.9999857,35.89219346,249.6669179,0.61,NA,NA,1.05,1.400000001,15,241
Carnivora,Zalophus_californianus,0,0,0,0,0,0,1,0,91000.00161,315.5004623,349.945167,547.4998443,6349.999996,20199.74998,13849.75,1,0.657534434,35.69999999,1327
Rodentia,Zelotomys_woosnami,0,0,0,0,0,0,0,0,54.49999997,15.89999999,30.98999998,31.00000001,NA,NA,NA,4.990000004,11.61290323,NA,7